72,2,51,43,80,89,5,15,73,46,26,61,100,0,94,12,41,66,52,65,39,57,72,13,93,66,23,64,23,11,26,34,55,90,65,4,54,88,26,65,94,0,60,53,80,46,67,42,38,26,38,27,97,80,25,70,97,77,37,79,89,85,87,32,88,72,77,65,8,96,50,77,74,56,21,95,97,76,22,44,2,63,94,83,94,6,94,90,87,74,63,78,68,25,16,36,25,48,80,36,4,11,26,31,12,87,95,35,12,17,69,77,40,97,87,11,10,84,41,78,60,18,72,32,95,17,15,64,83,86,1,100,98,82,92,1,20,10,66,33,0,23,59,62,29,30,7,53,77,48
93,43,100,28,44,92,6,25,33,26,43,2,51,17,33,78,42,34,82,48,72,6,41,71,36,8,60,47,59,69,57,17,16,85,74,97,45,21,78,64,78,35,93,25,52,54,51,8,80,38,90,93,72,67,46,98,2,63,38,68,50,49,6,21,87,8,6,16,74,99,6,57,48,37,100,44,6,68,82,3,94,41,43,37,37,26,65,40,22,74,12,4,92,52,18,6,24,38,81,68,1,38,95,35,100,72,32,48,99,17,78,91,90,51,66,78,80,78,53,98,47,97,86,25,29,5,33,31,6,74,5,19,65,1,79,41,95,38,31,87,94,87,99,15,20,32,38,26,77,86
31,24,32,4,34,58,34,49,70,35,4,49,90,83,38,98,33,65,82,26,93,79,69,41,81,78,85,30,69,7,100,70,68,35,37,48,19,1,2,6,84,49,2,31,26,26,80,38,80,21,29,16,85,77,39,4,11,86,86,7,10,36,34,45,81,1,78,96,72,89,68,58,80,85,31,95,42,37,57,60,18,63,49,83,88,17,44,25,55,99,83,57,41,99,89,70,12,98,6,78,22,34,76,19,98,92,14,13,11,89,19,11,42,77,43,100,98,27,48,65,26,97,28,56,10,40,53,98,6,70,47,18,17,44,54,8,68,85,45,100,46,40,98,26,81,18,89,35,10,46
41,23,75,44,33,6,57,50,99,24,31,52,58,28,85,36,65,40,59,29,7,55,93,81,3,3,55,93,94,4,61,30,92,43,28,53,12,36,14,47,65,100,61,63,10,70,86,92,73,12,73,71,76,41,88,76,61,58,33,29,83,12,73,79,39,65,20,0,24,16,60,37,73,15,91,42,26,49,19,44,5,78,5,23,53,0,65,43,31,29,8,49,71,71,10,53,17,38,21,4,78,69,43,42,25,46,79,80,70,21,0,34,87,44,100,4,63,89,32,64,1,70,20,86,32,79,69,27,12,72,23,61,94,17,12,42,34,92,93,34,12,79,87,58,25,32,22,58,58,86
49,18,24,13,90,33,88,73,38,32,8,68,22,57,87,67,58,77,8,7,16,99,81,71,21,40,21,58,32,93,81,75,21,46,49,9,98,98,62,49,11,4,99,31,8,51,28,79,13,42,69,77,2,3,96,25,0,25,17,23,92,81,20,100,10,46,81,16,91,78,80,95,38,93,57,89,50,92,37,8,82,37,71,64,6,16,91,89,39,56,79,85,88,49,70,69,6,30,72,91,8,98,15,87,94,93,99,96,6,66,34,58,24,33,99,77,65,29,34,28,64,6,54,38,98,75,35,20,55,57,78,75,97,15,2,53,55,70,47,19,74,83,33,7,88,89,44,31,5,69
67,72,14,7,100,78,49,13,59,59,30,0,1,62,22,40,18,65,71,93,8,53,98,32,74,54,1,78,54,74,3,0,63,37,90,21,27,96,91,45,43,49,94,48,1,92,44,80,47,88,15,32,70,59,58,54,74,85,28,47,27,45,1,11,56,49,71,97,30,69,78,0,33,46,1,33,90,95,71,59,15,89,50,28,43,68,13,56,10,80,96,30,57,57,4,26,26,50,83,99,96,84,88,32,95,9,100,49,87,4,33,14,70,16,21,71,8,83,73,24,21,9,91,77,51,77,96,6,13,2,21,92,66,11,1,17,80,32,62,0,39,36,66,20,43,32,31,59,84,72
79,97,75,92,15,51,96,10,49,51,60,14,54,60,21,22,38,27,32,57,72,56,18,16,40,86,18,80,54,55,11,31,24,32,58,48,85,64,15,19,20,68,100,18,4,40,54,82,94,68,23,16,76,80,90,57,51,0,35,2,64,64,3,28,24,72,3,34,70,39,91,37,24,85,22,16,9,76,6,11,14,13,61,3,86,100,30,66,10,93,94,94,61,19,50,97,98,36,4,69,26,61,52,76,88,72,68,93,78,66,34,45,81,44,53,46,29,55,42,49,39,10,27,83,60,45,82,26,87,40,85,89,12,13,87,6,54,16,35,18,75,25,58,57,67,8,11,18,36,76
65,55,78,57,86,44,78,34,85,4,41,77,44,94,39,97,16,38,32,75,67,85,22,15,53,20,24,77,51,32,75,33,50,84,18,40,65,12,57,83,80,74,28,7,69,29,50,69,91,79,82,24,12,59,83,23,46,3,68,27,46,12,57,73,88,21,86,22,7,2,53,46,29,46,83,57,52,35,41,35,83,21,52,39,65,2,51,13,49,75,65,2,49,8,9,13,46,52,56,87,15,32,81,80,48,58,0,1,87,38,81,26,48,24,29,84,77,90,61,48,52,27,12,87,38,85,88,73,9,69,70,10,95,9,68,11,89,62,85,72,13,72,39,63,64,18,37,35,6,19
46,7,26,25,63,38,85,43,44,44,96,37,86,39,38,93,11,72,88,89,18,16,31,60,25,25,23,46,44,18,43,50,56,13,58,58,28,57,62,73,60,20,95,34,72,66,58,27,67,35,91,28,18,82,89,17,79,19,22,89,43,26,49,75,65,20,68,27,1,77,34,70,18,82,74,18,74,8,100,66,17,48,38,52,66,79,34,6,24,41,60,26,90,58,33,46,94,55,2,17,9,56,92,64,71,97,86,20,72,66,78,95,90,72,83,87,47,70,20,93,99,2,26,23,4,24,95,98,44,44,77,25,86,91,93,1,86,32,4,80,53,28,1,60,36,1,14,57,14,39
46,78,98,72,24,56,12,27,4,63,21,31,100,3,86,55,34,95,97,47,17,65,26,54,80,87,25,14,92,27,41,52,27,10,86,64,50,83,18,7,11,26,43,60,92,58,12,17,78,71,87,25,61,12,47,52,68,2,37,35,10,91,5,67,54,87,87,78,58,75,34,71,81,18,97,33,55,81,49,13,73,8,33,10,30,27,55,53,40,85,11,89,22,78,64,10,92,50,94,90,94,16,33,17,34,91,41,12,17,59,28,73,43,3,45,36,55,87,90,69,1,0,13,15,29,18,9,13,95,78,12,58,72,73,100,84,30,84,35,18,28,35,74,61,73,27,56,17,47,33
16,5,74,65,52,71,46,27,85,62,78,66,8,32,90,81,48,88,43,87,53,72,78,37,32,8,49,75,31,49,31,95,47,90,69,27,20,57,9,72,67,5,100,76,72,31,9,32,31,25,78,21,94,66,68,45,9,100,5,55,19,65,67,98,75,33,58,53,71,89,10,17,68,46,82,38,39,20,91,14,95,74,15,87,59,40,92,68,83,39,92,55,10,30,85,7,52,35,72,88,8,40,22,15,37,36,32,24,72,93,91,58,18,4,23,72,77,47,45,96,29,71,91,68,98,83,52,1,43,80,18,24,14,89,42,69,84,66,66,36,3,18,18,31,30,54,32,86,75,86
27,61,7,59,1,77,83,62,62,73,72,28,34,56,34,11,5,80,28,91,54,36,68,6,4,17,39,9,3,99,52,84,53,51,26,65,57,12,88,67,16,49,43,23,33,73,77,71,46,92,38,16,15,23,68,56,38,24,88,25,27,0,80,12,59,93,25,28,63,52,99,9,15,61,97,45,2,96,47,5,63,88,88,61,27,56,21,82,15,73,25,50,74,72,69,46,7,10,86,23,69,67,65,48,23,77,19,8,16,5,92,39,94,93,16,1,3,71,61,42,29,53,80,68,70,84,76,30,98,72,18,53,61,72,45,13,33,64,93,97,12,77,59,27,88,56,68,75,71,52
32,24,10,94,13,28,2,10,97,70,56,83,45,51,98,32,26,80,16,88,62,100,58,17,54,7,32,39,22,61,60,100,94,5,30,66,82,78,5,7,56,58,18,17,49,92,25,3,41,37,25,9,93,73,97,52,7,54,96,63,41,25,92,24,63,32,69,82,90,97,15,43,37,57,15,22,77,73,6,31,48,78,27,76,14,53,58,26,9,9,1,39,29,10,3,66,84,54,32,65,7,46,3,23,80,48,91,97,99,85,40,24,18,66,24,89,7,71,35,49,5,32,68,39,90,40,20,42,56,79,20,65,22,56,23,88,5,99,79,37,32,52,82,66,83,54,0,88,100,79
65,16,83,27,81,46,100,32,73,62,51,17,89,43,90,60,52,92,82,4,29,40,30,14,46,2,40,64,96,72,40,80,31,75,2,56,20,38,30,70,6,37,86,6,30,46,55,17,38,28,48,8,72,70,39,58,85,58,5,80,100,62,73,32,34,61,78,40,67,93,2,88,89,29,15,61,19,73,27,8,78,21,9,9,62,89,83,7,5,73,50,72,71,51,44,55,7,58,10,13,92,58,59,41,69,90,96,33,99,51,68,67,98,14,91,66,33,99,92,9,90,65,14,52,36,0,12,79,0,100,75,15,95,65,2,70,34,61,41,13,35,33,11,92,57,72,12,96,48,30
18,92,83,1,98,53,4,98,52,84,9,50,67,99,97,53,48,48,71,90,92,0,34,84,47,73,46,30,81,29,33,52,63,75,59,97,83,46,19,98,18,18,77,37,77,2,47,37,70,85,72,13,2,26,13,39,40,28,71,7,91,0,13,75,62,61,84,24,84,50,39,15,44,79,61,79,85,99,73,10,80,16,87,60,86,39,82,14,17,22,74,52,32,90,21,51,45,74,22,24,9,26,60,0,12,73,54,84,65,58,73,66,67,70,100,63,66,86,64,84,60,32,54,32,83,59,18,42,33,76,59,53,59,11,87,18,98,15,65,51,57,8,81,37,71,54,67,90,84,90
5,2,23,39,27,50,48,4,57,38,69,19,99,57,70,55,66,46,52,87,90,87,29,84,100,70,66,43,21,11,48,44,50,83,13,80,30,99,46,51,46,98,14,85,28,76,67,94,22,99,79,5,87,40,52,73,57,79,17,18,84,46,83,14,49,17,29,98,85,31,98,10,89,35,85,87,60,96,15,83,93,94,58,81,17,99,65,38,75,48,28,28,36,49,14,43,39,71,48,13,46,35,62,23,56,60,67,5,87,6,70,46,10,84,77,36,88,51,64,29,74,87,92,72,48,76,49,10,79,20,38,77,60,91,86,19,88,83,63,88,26,77,23,99,18,24,87,99,6,81
61,11,69,75,82,0,6,32,96,34,52,65,4,24,0,37,43,0,17,40,75,32,8,78,56,11,85,8,2,64,89,58,94,65,56,4,76,30,30,1,78,54,81,79,59,65,32,36,67,12,47,92,43,86,13,87,33,85,28,99,61,63,36,74,55,29,43,94,76,42,71,84,45,3,99,1,31,54,9,65,15,74,3,68,55,79,34,58,32,7,10,56,2,20,80,24,44,31,76,86,87,55,84,12,91,85,20,99,49,72,3,95,3,2,39,14,9,19,99,6,33,85,100,96,36,73,74,37,38,70,69,36,96,11,37,14,92,3,99,94,27,80,73,84,5,22,85,99,34,41
37,38,86,21,19,18,30,17,42,20,75,60,15,29,77,4,36,76,28,21,98,4,75,87,52,85,7,70,99,60,12,82,53,93,65,39,75,20,34,50,100,25,3,16,93,1,89,49,1,61,46,63,63,36,81,13,93,53,81,38,20,6,74,91,70,73,35,60,65,10,31,29,20,55,32,0,46,31,49,41,99,38,10,62,22,45,25,75,35,35,84,83,56,72,11,10,84,12,1,78,89,67,55,38,83,43,41,46,0,51,98,14,83,22,39,2,69,43,36,77,38,68,57,2,49,59,71,8,94,52,12,19,93,80,73,82,96,100,20,43,49,79,55,36,28,22,22,24,36,57
79,37,32,50,44,66,1,26,14,56,89,66,99,97,83,80,33,60,100,41,32,85,25,98,59,46,66,34,21,39,70,96,96,68,98,58,13,3,63,17,29,80,62,88,37,8,55,53,32,94,11,4,41,23,41,94,12,84,48,61,98,49,6,33,23,71,1,28,93,45,51,54,93,0,6,31,75,26,78,55,13,57,65,26,80,68,8,3,68,4,11,52,82,38,99,19,1,20,85,19,21,24,55,4,76,30,35,71,83,68,40,66,32,33,94,11,54,87,1,7,58,10,73,34,64,68,77,56,82,78,21,19,99,88,55,74,40,5,34,56,38,20,16,38,16,53,69,37,66,63
97,24,19,29,62,54,15,27,97,40,89,90,45,24,48,54,31,39,85,44,66,55,27,61,2,46,62,75,87,15,49,70,4,28,10,23,57,32,54,8,54,27,56,23,49,5,9,18,71,87,87,99,79,16,53,95,77,23,55,48,24,49,93,63,63,79,97,80,36,97,66,17,54,85,68,41,3,68,66,17,73,31,84,2,28,89,43,73,85,85,32,88,72,44,43,32,31,44,64,35,27,21,53,3,40,62,55,39,7,51,96,18,62,100,81,27,70,15,28,60,12,58,52,5,66,100,29,37,53,20,49,95,16,71,30,92,24,33,73,41,95,68,10,62,85,0,33,79,63,84
51,68,99,52,77,47,93,4,82,40,96,18,80,98,37,47,25,93,43,76,23,49,11,96,47,44,28,12,40,31,12,75,83,34,33,34,6,84,95,96,90,18,52,72,62,78,23,21,95,3,27,1,59,56,41,74,27,10,47,69,29,66,42,72,94,43,19,97,18,65,75,70,68,52,94,84,7,94,58,33,24,51,63,38,41,39,83,89,2,32,21,88,15,15,50,96,70,24,38,0,40,91,13,89,44,34,6,28,40,82,40,82,55,37,17,38,4,98,80,61,9,69,66,55,64,80,7,67,67,49,11,90,90,28,63,45,5,4,71,48,53,60,0,13,13,64,53,53,51,21
79,72,40,95,68,70,77,7,33,0,9,6,59,51,66,83,22,97,51,18,90,11,11,53,86,65,55,47,85,45,77,85,32,80,60,46,80,13,91,58,90,58,25,27,8,22,58,37,95,61,96,88,34,55,67,38,92,10,92,5,68,3,65,40,36,50,43,12,48,22,77,11,45,48,10,32,40,87,49,70,70,47,79,40,60,75,25,87,58,94,48,16,26,15,97,75,90,92,26,46,91,74,13,86,26,57,20,99,19,65,57,36,0,67,43,94,88,58,67,7,28,26,64,73,62,23,84,60,54,7,1,56,47,45,43,67,95,47,35,19,45,91,47,63,99,13,44,91,76,95
66,87,4,80,6,11,18,8,32,44,21,46,100,95,83,48,15,89,37,55,38,91,89,66,9,24,19,93,6,68,67,100,90,52,38,72,87,28,35,7,28,14,13,6,98,46,44,0,57,66,22,68,95,78,87,21,37,73,12,92,13,84,56,12,40,5,24,1,98,47,59,28,62,93,73,75,29,37,59,11,58,95,74,63,0,80,13,97,48,89,39,44,20,47,90,89,54,78,19,37,79,25,51,48,45,82,14,31,10,55,67,33,60,49,79,20,50,24,71,60,63,100,11,87,92,66,70,5,75,90,80,72,96,47,95,22,39,52,56,15,15,99,1,15,25,41,54,14,36,96
83,48,84,42,40,50,11,78,94,12,55,43,11,1,26,84,99,25,100,37,50,45,77,16,8,6,91,20,93,6,68,68,55,23,60,6,87,96,16,50,67,71,19,34,66,12,7,82,9,40,100,23,18,42,97,70,71,94,33,1,75,21,66,100,5,47,63,60,69,4,59,38,36,23,7,11,55,98,47,87,99,89,36,3,63,75,90,34,41,63,77,6,85,61,10,83,2,78,27,52,52,35,76,85,15,85,59,44,91,37,9,61,49,95,55,39,71,48,30,31,94,99,67,68,9,75,63,35,26,86,96,10,4,93,91,89,57,22,52,53,34,5,85,66,38,63,78,70,91,26
62,98,100,24,56,12,83,72,31,66,25,98,30,0,41,89,53,24,79,89,99,12,94,23,22,69,56,24,37,86,60,65,98,29,86,62,31,58,98,42,5,65,43,79,71,68,36,22,85,53,27,61,3,18,91,15,72,6,27,9,70,1,90,98,52,22,57,32,14,79,94,76,63,3,32,7,38,52,67,87,6,18,26,16,66,45,94,84,7,16,61,87,47,10,54,30,11,32,16,37,20,9,13,0,66,75,42,30,100,1,0,65,68,44,28,26,60,20,64,37,79,39,21,96,78,87,84,94,75,30,19,51,45,53,2,59,89,79,78,65,60,73,65,0,61,80,7,8,10,36
76,41,88,30,20,32,17,55,0,18,10,88,2,57,85,93,54,75,65,27,35,54,72,87,31,27,19,31,77,28,79,23,51,29,97,48,29,71,2,93,28,42,33,92,87,23,19,62,61,59,97,35,83,9,66,61,90,59,64,54,3,41,74,47,58,50,36,64,53,61,60,40,53,79,39,75,71,74,19,3,36,86,89,19,67,55,54,35,64,83,10,15,52,53,13,98,80,2,53,8,38,74,10,5,4,62,40,42,67,14,91,67,66,19,28,12,46,43,64,84,91,4,51,56,8,69,47,58,81,3,5,58,27,81,9,34,16,87,47,86,24,19,30,13,56,15,2,4,76,92
35,78,44,36,76,91,28,66,23,36,48,47,68,61,70,94,3,50,26,24,43,84,74,22,28,52,11,20,13,42,33,47,10,98,68,39,71,76,48,100,16,31,6,1,83,67,17,36,20,59,59,80,81,1,58,48,55,60,88,40,35,21,21,68,26,27,96,18,42,0,30,98,3,24,83,86,96,82,12,14,91,0,14,5,25,64,0,11,28,65,40,4,51,19,55,82,41,66,67,16,4,26,72,100,31,61,19,20,21,74,67,77,26,56,69,89,89,54,64,34,0,59,28,73,7,92,43,98,17,15,65,35,89,71,85,14,71,98,94,64,44,10,30,83,73,37,72,76,64,27
76,24,62,89,57,9,16,76,19,83,99,91,90,99,97,11,61,32,30,52,96,75,6,31,20,18,83,72,60,6,16,83,35,88,5,62,94,1,5,100,86,29,18,98,31,3,87,15,75,1,65,40,53,5,10,66,24,81,74,34,33,55,98,22,79,83,36,28,49,23,4,62,25,55,61,80,83,24,87,32,66,97,65,99,62,42,36,70,20,53,24,93,34,52,0,77,21,40,76,27,82,40,82,8,59,91,75,61,40,42,27,58,59,13,1,1,12,44,14,46,1,56,80,71,56,69,18,7,37,15,24,68,67,23,49,98,7,36,28,46,2,69,64,92,56,67,5,3,94,35
98,53,41,83,5,52,3,77,57,61,3,89,5,49,67,78,34,3,96,16,98,18,15,67,24,1,31,94,76,97,1,1,98,69,51,35,72,79,19,82,94,17,0,100,62,10,50,56,90,91,51,71,22,56,84,57,22,2,37,43,14,8,76,20,41,68,52,0,60,50,59,52,65,26,43,22,1,57,43,70,71,49,4,77,77,1,3,85,13,25,51,49,4,89,73,70,24,30,94,21,81,81,25,33,73,53,28,78,80,86,7,12,58,15,33,11,57,96,40,8,53,57,34,0,77,71,26,65,56,7,15,22,43,19,24,75,39,8,21,37,46,31,74,64,34,42,17,77,22,9
84,24,66,88,57,69,84,92,99,26,48,96,73,97,87,9,8,16,82,63,68,72,84,52,67,24,52,25,53,47,53,100,5,75,36,66,41,38,85,88,29,5,94,60,100,96,45,60,90,60,3,43,41,21,57,0,10,71,77,33,58,75,23,86,58,94,16,12,64,61,16,56,30,5,32,15,55,53,33,30,70,86,9,49,37,9,34,95,92,27,89,37,32,28,54,55,93,61,75,79,40,17,22,62,3,86,28,89,22,68,66,47,67,18,74,68,88,73,62,46,28,24,40,65,100,31,47,43,37,64,35,2,9,12,10,7,98,29,18,10,25,71,43,88,89,89,27,2,39,71
37,3,10,67,80,60,11,46,96,84,94,64,50,65,81,51,96,32,33,95,26,68,40,45,95,38,3,64,28,14,18,78,78,97,65,80,89,55,98,3,27,1,81,86,14,94,54,33,70,98,9,46,71,64,51,56,48,92,80,11,38,24,33,96,8,20,88,21,0,11,70,93,77,87,64,44,8,0,88,58,76,59,38,34,17,3,86,27,31,53,22,94,84,9,61,35,88,34,53,40,8,91,53,40,87,26,54,1,12,88,34,66,47,53,82,20,100,7,76,77,84,31,8,60,11,6,13,94,55,6,51,92,90,1,6,29,19,85,37,98,32,13,11,37,83,38,1,38,54,40
11,66,64,3,59,22,20,55,75,77,97,87,75,62,65,34,61,12,58,8,18,47,77,8,22,63,1,10,22,99,55,83,63,95,39,28,89,29,38,64,6,18,93,74,7,44,24,2,84,81,80,21,29,86,23,94,78,63,87,16,99,63,67,72,39,18,94,55,82,17,51,76,42,10,1,48,4,78,86,72,11,68,52,44,38,66,65,15,43,11,28,11,4,93,36,50,58,77,36,71,100,71,1,18,50,80,29,99,100,94,13,69,59,4,80,19,28,5,63,10,93,79,95,45,58,87,66,29,78,22,66,75,35,80,1,63,67,13,6,79,96,57,38,65,13,77,15,25,17,95
25,88,69,78,44,92,37,3,17,21,25,29,19,70,100,68,35,40,13,20,23,50,76,49,19,18,52,97,77,21,93,17,99,99,68,17,76,72,54,23,23,31,6,47,23,27,33,19,42,97,32,38,51,71,8,88,18,57,55,31,1,3,78,32,73,71,38,91,89,79,93,100,86,2,52,34,99,11,67,39,21,66,48,59,38,34,80,24,52,58,6,46,48,5,12,61,10,28,67,18,51,49,71,50,7,53,77,75,57,68,78,52,98,67,98,16,84,99,96,27,23,11,46,2,12,26,67,15,42,58,9,17,34,79,66,68,60,89,61,81,32,77,2,57,96,51,68,40,34,32
61,87,31,64,98,47,37,59,88,54,1,90,2,60,91,23,71,23,90,58,67,76,21,31,24,73,24,99,45,1,58,56,75,8,50,68,19,95,46,33,8,72,47,39,20,45,63,6,100,34,39,57,38,53,42,41,87,38,95,33,66,27,16,51,49,35,9,88,26,60,23,60,23,81,97,52,94,82,44,90,95,22,80,64,30,87,50,15,77,11,74,38,22,26,21,57,43,56,8,35,84,8,5,73,59,68,36,49,88,81,5,69,90,43,85,3,49,10,60,69,31,70,99,69,58,64,59,16,19,51,5,47,12,64,5,53,61,71,55,7,96,76,53,66,62,2,53,46,100,23
55,98,46,7,34,68,25,43,13,98,73,4,85,54,71,62,0,53,31,73,68,49,92,13,42,36,8,6,97,34,37,66,66,63,61,55,89,51,49,69,12,47,87,34,74,52,99,64,62,59,6,7,46,68,72,24,65,76,56,55,74,67,29,21,58,77,22,90,55,77,0,84,52,93,63,65,41,88,48,57,64,96,26,96,33,60,61,51,48,59,7,81,38,3,68,23,46,76,32,79,13,79,54,87,34,55,17,52,45,19,63,98,49,21,2,52,85,24,48,5,53,38,96,23,73,2,40,52,26,31,87,97,83,34,30,2,8,36,72,71,66,21,45,98,63,22,25,7,2,85
64,24,4,63,16,66,5,85,86,66,82,52,25,4,41,46,66,81,90,60,94,60,3,58,47,66,89,19,98,58,83,2,17,73,36,91,22,42,3,27,42,96,37,14,17,58,66,98,76,29,55,45,9,34,22,19,30,54,44,12,72,59,11,4,29,56,86,43,44,76,64,64,55,40,60,1,96,15,63,9,100,38,50,88,81,83,37,42,28,8,82,39,3,72,57,81,61,90,84,95,41,25,39,91,11,24,2,63,81,70,50,37,61,19,21,68,82,2,41,79,22,75,4,17,92,92,31,77,39,32,85,70,63,66,10,16,63,28,4,26,24,17,4,5,5,34,53,0,50,21
87,25,5,84,5,2,99,4,31,86,73,10,3,30,49,50,1,37,2,73,100,16,38,48,28,42,4,48,22,66,53,29,41,50,99,75,46,85,86,44,97,26,52,49,20,5,68,80,8,81,32,79,59,35,68,96,70,46,54,13,27,10,65,53,85,81,0,16,60,66,52,4,52,7,35,12,22,73,8,16,52,17,93,1,41,9,89,44,3,50,75,23,86,89,29,6,10,31,80,1,80,11,22,57,21,53,62,6,74,22,89,100,12,34,49,15,89,60,50,68,16,12,83,83,81,94,10,68,27,4,55,80,68,95,99,22,0,2,97,93,46,91,16,16,13,18,35,60,3,86
77,31,11,96,90,79,30,53,61,46,12,30,88,25,96,87,1,24,99,96,86,57,76,55,91,0,30,16,79,44,98,24,84,5,3,17,61,98,15,19,51,0,90,27,90,40,41,33,96,78,37,76,85,71,3,14,23,49,14,90,63,48,100,34,86,5,67,1,30,10,95,96,68,36,21,88,98,38,3,65,49,32,97,55,47,45,6,47,33,20,59,46,65,33,5,71,47,84,44,41,97,10,51,49,1,52,70,45,16,59,45,2,33,53,28,38,47,45,100,69,82,93,54,19,74,74,61,55,92,39,50,29,43,6,28,89,45,34,69,67,76,68,49,36,66,29,53,56,74,79
85,32,24,90,62,78,74,0,46,55,88,17,42,8,91,76,48,54,38,89,98,90,44,30,36,46,24,10,35,83,54,93,62,70,41,16,16,58,1,82,45,67,63,71,64,91,70,21,25,26,23,86,74,10,99,49,30,54,76,90,81,55,94,90,62,96,50,78,94,15,91,57,54,77,95,83,11,88,49,1,55,51,91,12,15,12,71,99,93,100,48,0,39,21,67,10,53,59,12,86,55,49,100,22,28,84,3,87,100,30,11,72,93,24,87,46,12,23,88,65,6,7,69,77,73,34,76,98,97,31,50,86,62,14,96,8,61,91,71,6,55,49,31,43,2,67,7,58,55,89
74,60,59,93,72,87,28,2,57,18,88,37,88,71,1,86,88,8,79,25,24,26,17,31,52,83,12,78,8,63,59,93,75,51,31,95,81,61,98,95,60,79,29,66,9,25,20,94,63,37,46,97,95,51,42,70,42,53,85,50,32,70,55,69,52,3,69,3,32,7,42,38,72,71,86,45,77,93,20,12,33,79,75,47,15,62,98,83,51,72,3,1,85,34,89,94,58,35,37,62,57,95,36,16,48,98,32,93,23,97,76,92,25,45,99,4,23,1,65,22,97,29,72,41,14,71,5,73,71,80,22,76,86,81,26,19,38,45,17,99,29,64,30,80,0,47,14,71,1,89
97,9,34,94,47,46,33,63,33,56,36,8,48,63,65,62,14,2,91,41,44,97,21,69,84,86,59,47,97,2,36,63,3,84,88,93,60,44,97,6,46,8,84,93,42,31,78,91,62,15,4,25,90,36,86,20,95,75,56,6,0,7,16,80,9,15,62,79,6,72,64,48,100,99,65,41,98,30,64,13,12,76,92,19,82,13,12,30,49,15,41,59,72,57,35,76,51,14,88,29,33,29,85,68,52,50,13,21,27,71,10,10,9,61,55,0,28,62,22,3,46,47,19,60,19,34,86,31,81,68,17,37,64,27,81,37,31,49,76,25,8,75,20,21,55,51,100,17,85,84
12,49,28,100,2,94,61,13,11,90,77,47,88,17,29,14,7,87,78,95,2,71,12,15,74,80,35,83,81,57,41,15,66,6,80,28,1,56,18,94,99,72,4,13,60,44,81,74,36,84,91,30,33,89,57,74,80,50,80,8,63,2,82,88,29,25,84,93,66,68,94,24,53,2,26,98,61,86,77,27,28,100,40,72,70,35,41,53,37,60,44,71,8,25,11,12,92,86,39,38,23,9,95,77,24,40,37,77,59,53,98,62,4,36,66,81,71,79,10,94,79,71,100,38,32,5,99,67,93,72,58,99,73,96,51,47,52,62,71,0,44,55,71,15,76,5,51,34,73,59
92,60,23,48,17,82,43,49,89,35,28,17,21,51,95,57,41,25,51,66,17,61,31,53,18,5,70,50,7,9,98,53,59,67,7,91,51,32,65,90,65,12,99,33,69,73,91,36,20,79,67,10,13,13,63,24,39,75,14,73,72,56,31,38,21,38,100,4,56,64,56,60,1,0,50,3,12,16,92,58,54,16,49,89,90,79,60,84,26,0,17,13,71,13,1,16,69,92,45,83,59,36,0,31,64,55,32,90,16,34,6,59,25,21,19,98,23,72,12,2,76,41,72,58,57,34,89,18,95,96,2,25,43,85,51,0,55,35,41,91,21,79,12,3,24,62,20,81,3,32
92,33,96,5,89,40,8,43,80,40,29,71,81,8,61,30,98,7,68,85,32,18,63,21,84,25,66,84,10,75,92,91,6,44,54,11,55,41,37,98,20,94,24,89,88,15,24,37,55,89,77,11,64,22,66,89,47,68,8,84,64,94,62,47,21,12,98,27,1,19,5,40,34,15,95,1,95,86,13,74,50,93,15,30,41,99,51,11,68,2,51,10,32,81,1,48,38,0,67,90,5,8,9,1,27,11,33,84,60,28,81,33,60,37,29,68,15,34,68,33,93,28,83,79,40,0,0,11,98,38,49,26,50,63,26,25,17,12,68,60,90,21,22,46,75,9,23,42,99,19
56,44,80,53,85,12,87,68,87,58,36,71,99,46,75,41,93,17,73,7,20,79,62,23,16,65,50,8,84,53,2,81,46,62,25,57,16,83,3,41,78,65,0,22,33,95,10,5,57,83,61,80,2,70,32,99,87,93,95,75,88,91,90,48,62,38,50,89,30,32,52,86,73,56,93,33,46,42,47,97,40,42,56,100,7,98,85,43,55,0,73,58,47,16,21,99,65,63,57,35,28,95,57,44,74,40,93,97,68,6,21,14,63,76,32,32,88,8,81,13,13,50,84,67,68,25,66,88,48,47,58,27,91,82,29,19,8,57,66,59,22,62,29,39,28,7,55,56,7,84
41,2,100,31,55,3,46,64,35,88,100,87,5,33,32,46,56,4,4,62,99,12,81,100,13,67,29,91,61,74,91,86,46,50,2,21,80,16,15,31,0,48,97,78,33,37,75,5,11,86,17,83,62,84,36,9,64,28,53,65,11,47,42,57,66,42,31,26,45,45,43,33,26,81,57,77,84,89,17,82,60,97,5,34,36,3,32,88,71,88,20,45,59,18,1,34,88,59,3,85,97,33,91,44,46,75,86,83,41,65,40,68,85,58,93,3,97,37,2,11,43,29,90,90,59,100,56,19,29,24,53,20,14,59,10,86,72,36,70,83,10,14,26,91,69,57,22,80,30,66
62,80,80,11,22,26,58,14,30,8,72,69,28,44,61,2,90,92,31,92,56,81,82,96,97,2,43,55,3,55,5,95,28,73,67,100,93,76,27,72,83,35,8,0,91,84,23,85,53,58,99,31,46,36,54,49,6,60,41,17,4,91,85,88,31,78,67,48,44,40,66,33,66,99,57,31,14,23,0,92,72,80,7,89,71,70,64,74,46,31,43,59,52,96,73,44,74,34,86,62,36,12,51,45,22,48,16,77,46,6,42,13,99,12,25,79,60,44,76,6,56,78,32,72,99,92,82,22,24,32,19,91,27,86,29,66,76,14,10,30,88,35,97,75,89,24,48,32,28,11
32,40,10,42,52,21,53,60,35,5,0,86,83,18,17,38,72,80,98,94,89,91,0,58,19,73,9,87,50,57,78,94,45,80,65,45,90,51,96,84,82,46,0,2,78,92,36,24,44,83,94,32,35,60,28,49,66,72,1,86,62,24,93,2,51,28,21,45,38,38,66,5,7,22,26,70,67,91,55,27,67,55,63,0,36,18,58,30,83,52,58,42,77,23,73,34,81,85,32,38,37,35,56,37,68,68,2,97,59,42,0,87,55,89,86,63,97,6,4,79,88,72,47,24,21,19,61,18,20,77,15,86,26,15,47,24,97,57,44,89,66,80,59,46,35,89,42,5,52,42
42,34,80,49,4,15,48,55,98,54,38,0,93,56,8,56,60,98,43,19,76,73,59,11,86,49,15,42,98,97,100,62,54,49,80,26,57,46,34,77,9,100,37,33,79,29,73,82,0,75,60,54,40,71,100,8,49,55,42,5,92,96,93,36,100,19,94,28,22,69,26,65,39,60,48,55,56,33,72,64,20,90,46,99,17,82,52,32,33,38,14,47,27,87,21,70,46,16,35,79,12,77,17,6,67,9,13,24,80,64,1,55,97,35,92,33,51,76,40,35,78,63,86,63,88,91,91,85,24,98,16,87,17,41,6,32,6,83,10,72,58,68,75,20,19,61,68,36,90,27
35,17,95,19,61,17,78,66,8,81,74,50,14,83,31,68,36,54,54,57,1,97,18,57,82,63,82,76,17,82,49,33,8,25,64,44,43,44,19,93,17,4,6,61,32,13,72,91,53,56,75,28,57,23,54,37,27,31,14,35,61,85,75,15,81,55,69,33,43,1,59,89,29,8,50,64,98,37,50,33,6,43,24,48,45,89,62,95,79,68,82,19,32,75,41,45,76,36,62,52,57,7,77,66,50,35,28,21,32,37,81,1,49,27,52,28,43,0,19,97,34,15,87,59,15,35,79,62,74,59,8,100,15,71,3,1,41,18,9,38,57,38,0,35,36,7,41,37,67,49
53,89,53,54,89,37,50,44,43,96,5,91,45,2,5,91,60,67,58,95,92,26,43,48,40,46,13,46,13,46,43,21,68,68,51,23,5,57,70,38,39,4,45,62,11,47,7,16,35,58,12,38,69,19,30,29,64,90,42,26,47,86,96,45,16,39,37,85,70,64,20,66,6,34,84,34,69,6,29,98,35,5,20,23,78,45,70,43,87,50,88,47,79,55,13,63,32,5,79,73,97,76,29,14,76,15,89,32,86,40,44,65,88,34,43,18,30,43,20,19,58,45,46,89,60,47,11,83,97,57,91,87,31,57,2,26,59,100,59,1,96,38,7,64,13,36,48,38,34,12
40,29,18,30,32,88,68,20,29,98,25,43,31,57,17,85,74,29,14,90,24,4,61,19,0,8,71,98,59,44,40,55,79,53,32,29,7,62,23,84,45,43,14,73,79,79,41,53,1,47,38,98,75,37,33,48,83,38,62,83,34,79,98,42,1,74,71,70,33,45,32,14,2,6,66,80,54,7,61,86,22,1,17,86,47,90,59,48,85,18,30,82,4,54,58,48,7,25,93,48,34,93,56,93,16,31,60,66,72,33,92,51,32,70,74,53,81,8,59,56,74,14,94,76,34,63,58,37,24,41,85,41,66,76,15,1,96,16,24,36,59,62,30,4,87,99,22,10,76,78
8,68,43,86,77,40,61,89,88,12,0,37,33,61,56,3,57,94,71,59,11,68,93,24,64,58,44,59,14,73,19,27,69,26,38,50,28,4,40,75,97,54,13,85,9,13,12,15,71,68,31,8,20,69,94,51,61,86,41,94,36,24,61,37,30,87,72,37,44,5,15,99,18,27,18,39,28,28,69,27,31,83,16,42,0,45,100,23,93,17,97,57,78,39,97,18,38,20,96,72,68,1,64,88,74,41,97,24,29,16,94,19,72,9,76,96,22,10,25,11,55,43,53,42,54,19,22,45,54,45,59,65,55,89,6,57,22,7,54,77,15,23,58,88,35,79,97,97,6,87
14,93,60,66,37,42,71,1,40,25,65,48,33,38,33,0,84,85,12,9,21,58,95,77,93,66,84,68,37,73,65,61,44,75,62,92,41,75,24,13,55,14,1,6,71,97,99,80,22,25,34,77,67,1,54,39,18,88,88,23,34,36,31,14,7,74,0,72,39,87,7,54,16,72,22,26,39,30,37,32,69,84,17,52,14,63,89,10,72,68,81,95,94,54,46,96,75,36,28,87,31,46,88,57,77,91,0,13,84,67,29,32,44,21,68,38,38,57,99,58,80,81,18,91,59,76,27,3,45,71,98,16,96,24,40,91,51,14,66,20,45,21,46,32,98,81,13,38,24,80
61,100,29,47,72,19,99,19,100,15,52,67,90,89,82,30,61,7,41,87,18,71,19,46,94,79,15,7,72,71,40,97,6,75,95,25,59,21,49,75,8,33,86,13,41,56,19,41,97,94,9,31,13,92,84,21,14,43,40,95,1,57,35,41,97,61,69,17,32,7,28,41,37,53,42,7,61,64,20,94,71,61,8,78,38,22,53,39,45,74,62,13,61,77,11,18,31,16,92,76,50,34,35,2,28,93,64,77,57,84,18,2,14,69,63,13,19,50,98,4,66,30,30,51,65,23,82,46,44,78,90,56,26,88,37,55,94,7,94,42,22,17,63,55,35,45,31,91,26,30
96,61,86,64,85,32,70,93,10,21,76,76,66,92,1,83,39,19,89,34,37,30,94,99,50,6,22,98,31,37,14,69,65,52,13,37,24,25,5,84,47,56,88,66,10,19,29,68,59,76,66,57,75,56,33,61,35,24,82,41,84,58,67,37,33,2,26,46,51,49,12,8,75,46,35,82,3,26,21,74,49,96,11,15,72,38,62,95,7,61,28,43,100,5,83,0,27,65,64,99,71,11,4,51,36,84,77,7,0,43,4,78,91,97,2,100,74,76,72,52,41,34,27,21,50,35,71,49,21,91,0,9,20,71,81,72,21,2,39,39,0,38,18,16,86,34,41,34,39,84
68,85,19,21,34,75,63,97,12,63,62,26,89,2,68,16,53,60,77,92,97,64,94,25,72,26,65,77,46,69,61,99,11,61,64,81,55,81,59,26,34,7,4,74,75,8,59,13,46,18,30,79,14,63,86,82,33,16,36,17,1,90,61,29,80,49,21,40,60,99,18,55,44,21,55,51,52,26,52,92,87,94,3,92,95,28,73,59,96,42,36,7,85,64,82,52,19,77,63,52,26,34,9,73,9,76,91,10,38,33,12,41,43,38,74,83,33,2,10,60,99,28,67,37,79,94,38,3,46,44,41,72,9,52,16,60,10,38,98,20,54,0,49,43,10,29,56,89,57,6
0,44,50,90,25,6,76,19,48,21,21,37,20,46,25,76,16,78,40,39,57,61,1,37,17,25,86,34,90,58,34,43,4,95,43,13,20,30,41,91,64,23,35,61,15,81,44,42,43,57,7,21,18,38,74,17,79,65,49,93,83,96,33,93,75,57,1,42,99,51,8,77,7,90,87,77,40,49,12,22,77,53,33,18,12,83,55,53,7,73,66,31,81,58,91,19,20,21,88,25,18,90,46,45,81,75,94,60,60,9,38,38,3,24,10,46,51,40,66,6,69,20,3,19,55,88,5,92,100,12,23,65,19,70,25,70,71,41,86,76,5,16,27,23,66,77,32,98,58,81
21,48,18,70,55,43,42,69,42,17,74,61,86,26,35,97,58,91,83,7,50,17,35,67,29,1,41,63,17,6,38,31,54,46,40,61,57,20,76,51,25,84,17,88,68,30,55,44,74,98,85,61,43,81,76,23,75,38,22,72,43,40,34,13,20,43,96,52,88,82,89,56,4,87,86,61,44,13,5,100,67,49,57,60,93,5,46,6,44,16,49,96,2,92,58,5,95,80,62,35,11,1,18,17,76,0,47,39,79,2,26,88,52,38,17,44,28,60,77,21,52,17,65,17,54,88,87,41,32,61,63,6,78,16,58,50,73,40,16,87,61,6,4,80,51,52,97,97,49,59
39,39,35,87,70,68,19,40,96,51,51,29,69,97,35,76,85,84,63,11,71,2,96,68,43,38,50,1,16,51,67,16,70,0,5,20,0,82,28,48,24,78,91,21,67,39,17,73,10,17,7,86,75,87,57,1,66,40,99,22,57,44,9,79,87,61,74,39,9,14,87,83,41,20,38,96,75,62,45,76,3,73,59,88,9,76,63,79,25,21,67,55,92,91,16,76,35,0,78,99,93,97,53,62,79,59,62,92,30,80,21,96,82,43,4,50,90,69,73,17,65,97,76,49,6,21,100,57,83,81,10,35,53,36,14,73,24,59,77,43,13,58,7,73,21,36,25,57,2,96
32,7,84,63,37,51,35,35,70,27,79,22,27,67,93,32,47,93,17,25,79,5,55,21,81,79,90,82,80,26,12,93,28,96,78,63,41,41,14,0,67,52,98,55,61,2,7,0,66,27,80,4,10,72,98,15,84,57,68,39,33,92,56,75,35,31,96,77,28,81,72,23,87,97,38,50,39,19,62,21,86,83,13,55,8,73,21,49,66,66,15,33,28,87,16,13,66,9,37,10,60,100,4,100,82,99,69,91,77,45,58,6,94,11,48,61,31,4,63,18,42,54,32,92,45,74,24,77,22,67,14,12,4,31,90,85,90,85,5,73,29,73,54,32,89,37,35,75,41,70
19,70,56,83,86,92,10,93,10,32,3,58,64,86,20,79,33,59,91,10,79,31,86,90,12,35,29,87,8,64,24,84,21,84,97,42,56,13,89,64,11,29,83,23,60,86,91,35,59,59,94,62,30,100,26,19,86,43,43,100,14,77,87,8,72,100,79,100,71,2,22,2,10,17,85,3,1,27,45,21,22,72,63,67,53,96,82,54,99,30,14,63,47,75,83,31,64,51,17,92,29,46,14,1,60,97,68,86,100,19,65,93,69,75,35,30,5,5,48,77,9,21,55,32,15,89,34,76,37,59,12,27,99,30,36,79,81,56,28,85,16,26,36,96,45,35,47,26,75,28
38,9,80,28,79,12,96,75,94,47,91,38,63,49,81,23,5,46,32,92,8,62,10,41,24,92,44,71,17,1,26,89,76,39,87,57,69,78,15,1,51,28,26,63,84,82,50,5,34,37,95,30,77,35,37,66,59,89,65,100,67,36,37,93,48,60,41,16,21,90,99,21,90,40,93,86,1,84,59,86,69,80,67,49,14,38,33,88,61,20,63,77,32,36,38,93,73,77,14,62,48,41,80,86,27,98,99,62,72,86,86,38,91,82,48,72,4,95,0,93,1,11,98,61,15,98,56,32,96,45,34,29,17,69,32,41,16,24,40,53,94,75,89,9,74,76,85,70,59,10
13,18,87,68,5,45,38,44,25,14,21,86,22,71,67,66,40,90,16,96,76,99,48,98,98,14,86,86,26,5,42,82,81,89,0,64,65,69,18,46,80,9,21,57,100,14,62,44,40,49,7,64,10,38,19,46,77,93,85,17,69,88,51,20,36,24,20,77,18,79,59,87,91,29,27,68,94,94,57,15,6,72,20,53,6,65,60,41,3,100,51,99,24,18,79,38,98,2,29,56,24,65,21,97,67,25,51,93,44,92,32,4,41,26,63,46,16,59,25,91,93,12,28,7,38,59,78,19,48,23,32,82,0,42,67,76,29,47,41,87,15,22,37,29,68,93,94,83,11,92
8,76,85,81,24,46,72,93,85,37,53,14,25,76,11,54,39,84,23,100,37,100,41,64,81,89,36,33,5,50,50,97,93,21,86,66,54,98,78,63,36,37,46,5,99,81,11,52,84,69,32,0,13,45,15,25,27,73,33,66,83,16,95,85,42,24,99,10,67,23,21,60,95,21,99,17,76,33,28,64,75,8,64,62,38,4,65,9,26,27,1,49,90,75,9,71,24,27,37,73,47,35,61,11,68,96,50,30,31,7,64,4,83,80,39,42,26,51,79,78,70,74,78,40,41,66,21,74,76,45,98,77,72,57,1,45,93,66,78,93,4,87,53,70,98,19,83,34,17,12
90,29,23,74,80,35,39,42,44,33,46,36,98,31,11,16,17,26,71,10,28,35,52,4,3,72,88,10,9,3,99,6,91,50,17,52,25,30,71,5,52,52,0,18,84,0,14,97,64,35,55,9,13,45,55,32,43,43,55,62,94,14,92,64,79,90,1,1,93,16,10,39,10,33,60,25,36,75,21,44,66,77,76,46,99,91,85,6,87,49,55,86,25,83,11,62,82,31,68,49,5,40,70,48,54,4,74,47,51,57,76,71,82,56,67,16,48,100,94,14,21,3,74,84,3,67,9,6,2,49,47,6,38,63,67,89,98,65,47,77,2,88,93,70,45,28,90,32,17,34
94,68,71,53,80,97,34,66,28,91,90,77,73,29,74,27,41,82,27,38,0,10,3,66,30,72,64,52,5,96,91,59,21,56,59,78,44,42,25,34,45,23,39,86,47,76,94,45,23,45,64,4,11,12,34,2,41,42,19,51,45,78,16,22,3,9,13,49,6,23,19,52,31,73,91,34,75,20,75,97,95,18,41,25,83,10,90,3,14,27,83,35,55,9,85,96,4,33,21,29,35,73,98,25,48,76,3,88,43,50,45,34,57,76,43,78,77,15,69,18,30,98,28,22,50,68,95,6,36,87,60,40,86,56,97,28,38,94,23,1,39,99,60,19,63,76,53,74,68,27
71,34,47,30,90,5,92,100,96,10,89,24,22,40,52,34,47,95,35,79,15,34,66,59,27,99,55,24,4,15,46,76,89,53,30,11,91,99,79,54,39,44,2,21,35,34,17,76,92,93,77,78,18,82,95,93,63,87,13,80,88,55,13,64,28,1,22,66,14,76,57,39,11,88,96,17,85,18,5,61,67,6,12,4,3,84,56,55,38,55,53,10,83,45,0,50,43,63,3,8,92,59,41,22,94,72,36,80,17,48,40,73,66,32,7,54,16,30,5,23,49,69,36,5,32,32,24,99,32,2,58,25,53,47,15,71,9,74,70,23,23,3,1,10,73,47,52,70,76,1
1,12,86,39,5,36,79,97,87,87,0,10,35,50,93,58,23,25,90,62,93,28,87,78,55,73,43,44,70,17,91,82,14,18,50,14,98,8,69,21,2,35,66,93,92,38,91,88,64,70,20,51,78,28,60,1,8,76,57,38,92,90,16,45,43,84,25,100,36,66,96,97,43,97,24,7,17,29,91,32,21,48,83,94,49,22,77,52,99,78,86,16,25,26,81,2,30,54,76,38,30,32,99,87,96,10,44,11,39,54,79,85,22,18,10,10,65,0,96,54,75,12,47,78,16,92,89,82,57,44,35,30,89,56,77,63,59,29,84,15,78,8,48,38,22,99,47,38,75,37
12,66,87,57,18,46,58,31,61,86,95,60,15,44,1,77,90,100,61,68,61,59,99,42,34,64,32,50,79,35,9,85,80,52,12,58,36,17,21,82,66,67,39,89,56,76,96,73,27,49,73,98,28,91,35,69,49,52,36,6,39,32,46,30,84,80,99,55,59,66,28,5,28,84,59,54,78,46,1,30,42,67,47,46,63,44,27,54,22,13,14,4,34,28,100,45,99,51,82,69,40,69,78,42,66,25,78,49,11,32,15,1,46,2,86,47,83,8,5,72,13,32,79,81,47,92,19,78,60,59,93,99,31,28,19,28,56,88,22,23,38,93,40,4,82,62,69,90,58,99
79,60,15,58,53,44,20,59,2,15,90,0,52,82,50,85,36,22,63,57,58,32,54,1,56,79,68,32,24,36,98,55,5,11,81,12,74,6,57,52,26,23,30,63,49,33,98,21,49,74,84,67,94,30,20,55,6,74,9,47,61,36,92,87,69,66,65,41,81,80,60,45,17,61,53,83,58,8,39,6,70,60,76,86,10,1,93,65,87,48,62,87,91,11,99,17,52,47,13,93,39,35,56,85,81,11,64,43,40,84,84,87,45,93,86,98,1,17,98,24,11,51,93,37,37,29,14,96,80,0,45,76,27,15,25,41,69,83,82,62,83,30,0,68,71,5,34,10,31,65
40,83,30,73,63,19,9,86,92,39,7,7,53,65,38,53,0,70,59,74,5,17,89,54,4,67,24,42,2,49,67,91,38,71,58,24,91,99,3,7,30,79,85,100,5,6,23,50,53,66,44,78,62,21,16,16,3,42,13,98,87,12,55,97,60,34,28,55,85,90,41,50,45,39,98,63,61,27,47,12,22,22,73,56,69,35,53,98,31,61,13,18,63,9,76,92,74,43,43,49,13,57,59,72,89,35,23,47,34,57,100,59,74,88,10,4,44,23,41,91,43,7,4,29,77,36,19,94,52,37,61,15,4,97,52,31,66,73,74,54,34,60,30,99,64,93,0,0,100,72
26,32,23,44,30,93,65,36,94,84,12,12,69,56,19,8,98,3,36,17,11,36,25,17,88,24,7,68,24,15,15,97,93,21,90,4,14,38,11,2,1,42,35,60,85,54,92,42,60,63,23,59,76,27,79,32,5,19,57,82,53,86,66,21,11,70,19,81,15,2,70,75,49,8,44,26,33,14,32,37,89,46,23,12,0,96,9,10,74,80,87,18,51,55,25,2,38,46,36,44,83,31,74,71,10,82,10,73,76,81,82,23,33,58,23,51,97,34,35,7,39,61,55,84,64,22,59,58,43,11,23,92,15,21,28,81,63,74,21,99,96,43,99,94,69,95,66,30,95,73
80,25,77,65,89,100,82,34,61,25,40,65,99,79,94,91,73,63,8,100,98,2,80,50,29,15,73,65,34,15,78,79,23,0,61,19,94,68,32,75,45,75,25,84,62,42,28,41,60,45,65,77,89,21,53,10,98,6,50,94,90,56,90,98,24,29,94,99,0,94,93,96,57,27,10,71,25,74,85,66,36,80,6,36,53,7,74,86,27,44,62,96,63,60,11,0,26,45,23,36,24,60,5,55,74,47,7,76,95,51,59,80,60,79,20,68,43,79,95,91,18,84,83,67,66,57,58,63,94,25,34,22,89,35,17,64,74,93,98,20,88,16,41,38,27,88,65,20,39,25
14,75,45,28,2,97,35,50,82,15,63,98,57,63,69,43,24,85,98,69,33,12,3,28,45,74,3,15,71,45,30,5,44,9,41,97,80,30,76,64,38,95,62,80,50,66,96,20,91,13,88,28,70,48,22,70,1,14,31,1,52,7,0,60,68,50,2,18,76,27,44,39,51,49,75,81,72,86,80,41,82,18,77,14,41,54,49,50,50,53,28,80,68,73,59,28,92,86,12,96,78,6,93,40,91,88,79,25,6,59,30,39,0,11,58,17,30,71,58,91,37,77,100,87,30,69,70,91,1,44,14,21,73,89,71,47,34,75,67,62,97,13,49,70,30,90,68,77,89,55
58,82,100,54,10,49,10,35,4,39,34,31,55,23,89,54,97,18,68,25,76,42,0,33,93,17,13,58,63,22,95,65,30,85,55,31,73,44,51,58,90,79,26,91,27,32,86,39,66,72,95,76,93,65,86,18,72,78,61,41,73,31,70,18,90,42,12,49,1,93,51,96,91,53,30,33,27,72,6,40,3,63,86,0,3,77,96,27,92,15,31,63,3,28,7,46,67,97,28,59,58,53,35,50,82,62,99,77,98,13,6,69,55,47,59,11,1,1,26,21,26,67,74,50,47,28,28,25,70,86,26,19,63,43,88,40,91,74,78,48,40,15,0,81,51,61,26,42,36,83
90,62,72,3,19,14,59,97,53,49,48,46,93,10,85,59,92,40,44,41,95,25,60,2,16,3,44,57,33,64,47,51,69,39,66,87,1,29,95,86,15,66,16,100,48,94,92,13,72,87,16,72,23,64,53,74,7,55,55,66,63,42,80,18,47,33,98,28,22,22,44,55,65,88,58,77,35,68,58,40,96,16,54,56,73,91,72,76,73,79,45,34,46,7,36,12,90,94,67,97,0,99,70,97,76,66,53,37,60,67,61,35,46,22,12,39,33,80,32,61,39,8,98,77,92,85,66,51,65,60,69,28,64,89,81,66,69,41,34,51,50,93,21,41,31,16,98,8,98,84
80,15,46,5,65,77,2,22,8,33,53,57,40,89,59,14,32,93,46,27,86,74,24,98,67,35,76,9,30,47,40,39,80,29,46,78,94,90,72,63,32,14,6,39,39,52,43,22,83,13,12,68,47,13,7,56,24,99,44,29,53,80,25,4,40,39,95,90,29,5,30,71,83,0,90,94,6,21,78,52,37,11,42,63,52,63,35,36,27,46,89,91,3,87,11,42,19,19,85,9,81,4,99,49,66,88,70,91,7,67,15,11,16,61,66,59,91,84,3,75,53,99,17,94,75,87,35,29,89,88,43,30,43,17,35,34,44,62,53,77,76,88,46,12,32,84,43,74,0,94
43,100,39,23,52,27,98,41,81,77,54,69,92,38,19,75,90,47,73,60,76,98,39,35,37,22,97,92,32,72,34,49,66,19,70,79,83,40,71,52,25,47,81,78,52,89,78,89,46,30,10,18,73,72,24,2,63,72,84,46,7,87,25,62,87,81,31,14,5,50,88,90,71,55,50,19,48,69,58,86,38,30,72,55,65,48,65,82,32,0,58,12,68,42,73,28,45,51,2,26,38,22,53,37,19,79,64,49,32,64,81,17,67,52,66,47,1,51,6,3,76,86,84,30,72,47,16,100,27,95,33,74,58,35,97,60,14,8,9,22,79,79,1,48,6,48,13,6,0,71
19,55,31,99,45,5,34,85,20,66,57,98,17,78,14,13,87,36,30,24,95,19,56,3,35,24,84,49,29,4,83,35,100,4,26,32,57,74,96,23,72,17,49,82,86,92,53,9,0,100,79,91,56,93,53,71,88,5,89,70,85,94,82,97,78,36,12,17,94,35,99,78,83,25,53,63,84,32,52,66,12,37,65,6,64,29,35,77,33,19,90,15,41,26,57,98,57,43,4,66,79,7,58,19,93,89,69,24,16,80,41,95,65,79,98,94,93,50,20,26,30,65,46,3,79,5,26,9,17,16,23,68,5,85,54,35,19,5,61,30,23,58,26,54,67,36,95,68,73,39
86,75,59,9,67,56,65,24,66,47,11,89,9,7,89,25,74,58,6,12,13,49,0,29,22,18,21,90,36,69,41,68,80,46,69,2,85,19,27,9,78,41,70,34,84,36,15,60,26,93,22,15,75,61,7,56,47,75,90,92,84,30,68,45,77,11,3,6,23,65,40,64,64,69,61,80,89,12,63,100,80,88,73,33,44,84,46,50,46,57,24,3,87,7,94,95,38,11,18,96,10,67,81,8,99,76,11,81,84,47,24,2,61,8,19,9,11,26,56,60,78,13,2,28,32,37,5,65,10,77,50,28,42,1,29,14,82,14,83,74,39,59,26,28,22,20,74,46,58,66
59,78,13,96,16,68,57,5,84,61,52,22,60,18,17,18,13,56,44,90,75,96,45,32,12,16,29,17,3,39,33,87,98,60,27,68,49,63,76,67,21,83,24,97,47,18,16,7,74,54,70,70,87,64,97,45,70,25,93,70,13,85,2,25,90,81,75,42,9,53,95,11,58,74,58,61,67,37,23,22,88,10,76,22,24,69,12,56,92,88,21,77,34,60,99,69,40,34,14,56,62,18,56,64,83,14,9,50,66,8,88,84,35,84,61,88,49,66,73,61,61,0,7,94,75,1,17,85,14,47,74,94,79,51,52,77,85,3,81,85,62,38,21,6,66,83,37,49,60,83
8,21,30,79,19,79,15,81,17,78,68,84,37,41,85,12,53,93,13,58,2,61,10,98,4,27,10,94,19,52,24,72,43,93,46,12,91,50,74,28,64,31,72,78,16,0,45,33,78,80,21,59,58,18,76,30,74,20,11,19,47,11,92,41,79,24,98,72,14,38,20,100,59,54,88,88,25,87,36,26,23,53,39,75,50,66,7,3,95,98,5,40,19,74,90,84,65,31,37,15,55,64,23,18,83,46,36,75,47,61,29,47,80,42,36,68,3,18,33,0,75,36,42,87,48,27,61,14,89,66,17,18,33,77,29,81,63,45,86,92,78,0,17,61,87,68,93,2,33,90
5,26,64,77,17,46,14,36,99,7,71,17,82,36,83,70,97,48,78,56,4,37,73,39,9,63,5,87,73,81,51,10,48,58,42,58,20,30,59,94,92,5,83,56,89,14,9,8,24,67,70,78,10,17,13,57,48,56,45,36,32,61,55,11,76,98,40,25,53,22,91,36,27,90,74,88,90,15,31,4,20,83,32,44,94,12,37,19,4,29,7,78,70,83,29,96,16,47,70,2,65,74,77,29,14,97,41,40,49,66,82,25,88,23,61,13,62,22,40,9,28,13,76,67,92,89,98,12,79,3,30,39,8,49,0,71,30,35,5,38,66,69,95,58,98,41,64,38,100,11
46,8,81,4,78,94,15,69,15,67,97,19,17,76,83,51,11,31,49,36,94,84,99,58,86,29,2,48,66,36,33,73,79,88,20,71,79,73,40,4,50,27,85,18,17,78,46,83,75,82,98,46,67,3,66,61,73,99,67,78,57,76,97,24,88,62,27,49,81,100,34,23,83,14,26,5,39,47,4,85,14,63,85,92,21,18,30,95,45,11,49,49,33,94,67,27,82,31,38,89,32,63,56,46,6,12,42,99,96,23,7,56,23,8,13,72,47,84,91,96,48,86,33,35,71,73,25,50,82,28,97,20,64,31,26,97,20,17,22,85,93,68,67,77,7,77,42,82,68,68
31,19,53,86,56,25,37,25,69,7,68,71,45,46,37,38,9,33,58,28,35,20,3,36,98,27,75,61,23,14,1,99,54,82,91,89,20,56,92,81,15,93,2,51,77,24,23,84,17,18,44,91,64,30,18,8,14,82,75,35,65,75,0,18,93,35,91,76,72,99,27,23,68,14,92,3,40,48,71,19,78,48,85,76,99,67,93,56,70,74,40,67,70,24,65,61,1,35,68,97,91,72,34,58,6,62,69,49,22,73,64,4,8,37,44,58,25,7,89,31,85,59,36,93,6,19,18,38,62,27,50,50,99,53,77,28,27,72,26,15,89,32,33,6,30,65,46,58,72,29
46,55,30,52,37,37,84,15,92,90,1,51,8,91,82,91,70,55,16,37,25,52,76,73,94,47,68,84,37,66,88,47,42,96,65,61,90,54,22,97,33,58,28,2,100,90,99,56,22,100,76,79,71,2,1,56,3,66,46,24,67,31,47,91,57,2,19,98,86,99,21,69,59,42,89,59,79,18,86,90,74,89,99,87,66,79,49,81,47,44,96,65,56,6,8,15,96,6,4,49,100,29,21,54,2,1,95,0,87,7,75,3,5,54,34,16,57,39,43,2,24,40,94,87,95,44,8,87,67,16,0,8,5,17,14,98,35,51,87,55,50,3,53,78,28,52,69,42,47,58
17,2,46,50,74,7,73,69,40,98,45,35,35,75,63,81,91,74,34,56,39,84,81,40,88,62,7,63,17,28,23,21,56,74,30,7,7,48,8,7,47,12,23,90,70,78,17,8,62,53,99,59,42,55,2,36,74,30,39,4,25,74,18,66,1,50,70,11,34,64,79,46,85,4,6,88,95,99,43,49,8,3,75,31,19,24,86,43,42,28,13,41,1,38,47,37,75,64,65,11,44,13,13,71,90,33,56,28,90,5,83,52,38,93,2,44,10,10,39,41,90,58,0,53,42,71,24,88,22,74,96,25,70,5,31,85,80,23,18,36,26,73,38,10,50,70,2,28,58,97
72,10,41,56,62,7,2,58,81,82,85,20,63,17,95,36,91,46,41,59,71,26,45,68,24,5,56,53,39,17,95,38,8,79,58,34,63,57,0,89,72,31,58,43,45,81,14,52,79,64,98,61,41,28,23,2,69,61,49,76,62,57,70,72,29,42,57,0,37,31,41,100,56,74,63,79,25,83,73,77,41,69,29,9,50,32,98,80,15,48,91,50,7,43,64,91,100,2,50,14,65,11,90,18,3,94,71,7,97,89,3,63,36,42,64,6,84,37,61,8,19,63,80,47,63,50,77,69,84,75,71,24,77,31,1,63,57,77,65,0,73,28,56,31,92,64,1,26,45,39
44,75,8,51,41,76,39,90,7,40,18,74,82,29,25,31,92,14,72,25,40,35,29,26,26,2,38,43,50,68,5,69,46,24,66,14,21,88,7,86,93,72,84,77,66,72,10,76,78,85,73,54,100,67,62,86,13,4,44,22,28,43,83,66,3,97,47,68,38,89,48,22,38,82,55,61,35,33,69,67,37,80,75,24,42,64,64,3,63,99,11,70,94,89,89,36,53,75,51,90,3,24,61,96,40,31,97,73,80,6,87,28,69,8,43,70,20,79,15,44,81,94,23,57,14,57,69,94,4,36,72,41,95,82,67,96,0,32,57,65,58,13,15,79,10,70,20,55,42,76
35,9,16,1,79,57,11,22,63,47,88,48,93,73,4,3,24,90,78,43,72,32,25,28,23,14,80,56,43,86,51,32,32,36,69,14,90,15,88,88,89,84,64,95,24,20,73,71,95,43,21,0,72,100,46,10,91,15,98,19,51,1,15,7,52,42,97,41,68,9,27,11,11,72,25,25,34,96,11,7,64,70,84,57,34,92,10,43,71,97,85,31,84,11,88,73,91,39,58,9,66,55,96,33,91,16,24,5,59,94,41,92,22,7,33,46,49,23,46,69,69,95,82,38,19,27,29,84,19,48,62,66,70,48,70,8,63,60,16,94,95,42,34,41,82,45,72,14,19,50
49,52,100,43,3,10,26,77,96,95,47,97,17,94,57,22,65,71,59,67,4,82,50,11,17,59,4,23,4,77,32,4,40,29,21,54,37,76,10,75,70,99,32,81,36,63,42,89,64,57,43,40,92,66,60,89,14,15,87,3,8,20,8,45,78,18,18,17,63,97,81,21,88,1,23,31,36,51,88,30,44,41,87,17,30,46,61,61,14,9,75,44,39,53,60,91,90,37,65,64,61,85,1,5,36,21,95,73,22,25,33,43,82,67,82,61,44,100,61,75,32,49,80,69,8,59,48,47,25,86,86,1,72,55,66,76,71,16,20,41,16,57,15,27,61,33,15,26,35,54
24,92,51,14,32,93,35,84,46,49,18,32,39,77,26,56,66,50,29,1,59,79,30,39,58,82,62,67,18,94,62,50,85,76,62,10,85,14,94,93,54,33,84,16,65,1,14,87,79,94,58,13,59,50,48,94,10,24,63,76,49,78,90,97,35,48,96,11,24,24,52,85,72,39,45,2,49,95,29,2,25,84,44,7,17,45,75,10,95,29,6,81,12,88,39,61,95,33,23,4,88,21,34,6,27,19,68,68,15,42,98,27,52,3,55,61,52,45,44,80,88,14,77,59,61,44,69,17,37,24,9,58,49,14,1,51,50,73,38,2,79,24,31,57,65,36,27,33,91,69
23,55,70,86,66,83,15,14,6,14,43,20,18,56,13,21,41,61,39,83,27,91,45,87,63,22,82,47,19,29,22,2,39,9,15,67,7,23,57,51,14,7,27,64,5,48,40,64,30,56,6,9,15,62,45,25,86,89,36,82,31,48,57,83,22,36,76,77,0,36,89,81,13,99,96,23,99,12,6,35,83,29,80,40,78,27,69,4,5,37,87,55,71,45,69,68,47,2,98,71,26,45,63,15,87,24,92,16,60,95,53,5,95,52,55,5,0,80,31,93,65,86,95,95,44,1,82,54,95,26,71,16,91,87,25,57,92,25,49,17,64,12,44,97,40,87,31,68,67,12
94,14,66,86,78,78,9,67,13,18,1,85,13,41,81,23,43,77,72,89,26,13,25,93,79,39,97,55,76,76,56,44,99,98,10,5,36,95,19,5,13,60,42,33,46,29,8,86,44,37,92,95,10,98,81,91,3,71,57,59,85,38,11,18,36,41,51,91,72,92,54,76,69,85,15,31,69,24,54,76,24,95,89,13,31,18,36,43,14,97,5,16,41,32,63,6,31,78,97,37,59,21,2,67,3,67,45,85,72,15,35,20,83,60,44,19,34,85,34,43,76,2,26,10,10,29,4,79,45,35,47,41,68,48,49,32,0,2,24,36,86,77,38,2,100,51,76,34,91,62
89,96,96,22,9,97,17,22,26,44,33,6,61,93,14,40,46,55,100,51,94,31,84,13,87,0,59,7,86,57,85,75,93,3,36,1,91,68,55,55,15,23,95,79,2,72,54,21,71,15,9,13,40,6,68,2,17,35,10,63,54,50,2,50,18,66,34,93,22,61,76,26,27,9,57,77,36,63,1,35,38,6,67,67,9,2,53,68,1,69,66,19,61,63,59,30,53,10,20,13,44,50,44,51,96,74,35,33,17,84,56,65,18,87,86,41,97,94,98,59,39,16,62,70,50,96,66,58,20,33,62,19,46,69,97,91,26,91,95,48,61,59,29,70,33,46,85,61,54,3
58,59,95,78,22,32,64,81,20,49,25,11,17,47,30,86,70,19,2,72,37,83,85,0,20,8,13,84,16,29,66,2,77,36,74,20,25,75,39,71,8,5,86,25,80,24,93,15,83,27,49,41,100,27,10,14,26,86,74,68,17,87,35,8,25,46,47,71,22,31,25,93,10,48,98,33,93,47,86,79,56,7,42,38,53,18,47,65,87,92,54,51,81,98,67,30,30,60,26,91,6,73,6,67,97,10,55,66,77,62,9,31,83,97,100,37,18,74,22,98,13,47,15,98,12,20,70,23,91,8,76,57,27,8,38,30,6,26,47,79,3,81,67,28,52,16,74,15,98,80
10,14,30,45,61,41,34,92,27,37,18,22,68,59,90,24,69,41,49,92,61,84,8,53,6,9,42,65,74,31,94,26,73,99,77,82,46,28,79,29,10,21,25,92,74,68,74,92,91,18,93,59,4,17,3,78,96,84,27,82,46,69,78,72,2,36,5,22,77,43,99,89,24,19,8,78,58,24,82,12,12,14,30,81,14,58,9,9,33,25,98,37,18,11,27,12,13,17,82,66,74,72,7,47,30,65,7,32,100,24,94,74,77,44,45,28,93,67,51,63,32,27,71,18,30,84,9,79,90,67,29,97,80,95,30,76,27,95,3,76,13,48,53,97,100,100,14,28,36,3
34,9,55,16,65,25,15,76,17,26,5,56,57,85,76,92,9,27,84,26,64,33,37,1,69,39,84,33,5,11,98,38,11,67,9,23,67,61,19,37,44,48,98,50,57,20,68,12,95,32,15,47,41,29,36,43,9,72,82,32,11,21,80,13,16,95,63,70,22,30,25,54,67,28,46,14,67,46,74,88,72,59,27,12,30,17,56,63,71,25,48,30,38,48,41,37,29,13,30,11,5,67,29,15,9,63,92,64,64,68,62,19,62,56,43,94,11,40,55,73,36,100,10,54,7,9,78,47,11,99,26,66,87,35,75,1,17,10,65,94,54,91,100,22,64,97,87,96,21,100
39,54,84,72,14,47,40,13,54,46,72,90,73,41,56,72,7,40,43,85,100,56,45,93,4,77,40,58,16,30,9,10,73,46,82,60,82,14,99,37,28,52,54,77,91,36,82,73,23,50,74,47,45,95,27,38,63,51,74,30,6,84,28,47,1,70,35,16,20,27,31,5,14,10,38,62,95,98,22,34,27,53,31,85,85,46,78,67,30,22,86,38,78,62,24,87,6,72,30,15,58,57,72,99,21,89,55,50,68,75,64,24,53,51,74,32,17,6,71,18,40,81,57,57,11,4,21,19,37,10,54,85,53,53,54,28,10,58,53,18,75,99,18,1,25,18,10,80,76,50
14,45,23,57,34,73,76,42,81,38,14,16,31,60,81,14,81,37,98,37,92,75,49,56,85,37,25,95,24,23,22,98,52,49,53,81,13,22,1,8,80,52,50,29,23,28,5,56,70,94,50,48,47,69,72,72,91,18,71,79,8,40,37,77,30,1,7,64,28,7,22,30,96,56,69,87,70,99,10,1,55,2,90,23,19,27,14,29,32,79,7,20,20,29,32,2,54,17,33,88,100,24,59,81,31,34,76,68,71,74,9,3,79,7,34,94,57,15,7,80,21,77,59,56,22,71,97,84,66,87,92,58,90,6,96,68,93,10,16,37,50,68,90,96,3,83,52,86,72,64
41,57,13,8,75,16,11,52,90,32,43,42,35,83,3,9,15,60,54,59,89,82,69,14,72,99,100,78,26,55,70,10,96,6,46,35,16,91,78,12,17,50,54,77,85,64,31,70,8,73,62,79,86,45,45,87,37,97,57,28,18,82,18,60,10,46,15,82,39,37,92,42,22,33,3,53,45,3,94,75,8,43,75,73,26,55,12,79,10,51,31,12,15,59,52,55,15,59,89,85,80,93,71,12,73,21,91,23,43,42,18,20,52,26,98,43,82,7,61,37,35,40,24,26,86,4,79,16,0,58,33,14,75,12,68,73,71,4,1,69,31,76,57,9,82,68,73,10,90,10
62,15,88,63,80,7,66,52,48,2,12,77,99,26,21,17,29,10,81,19,51,57,87,28,8,57,84,4,46,39,29,44,80,78,48,81,81,83,30,70,9,9,91,99,24,19,62,98,79,80,10,37,23,75,69,93,63,68,61,77,76,19,75,23,70,96,66,1,42,95,78,16,37,99,34,66,44,53,33,71,91,99,72,45,90,18,15,84,79,45,94,46,33,34,22,9,9,5,72,11,34,29,63,57,55,38,73,43,25,42,94,23,30,37,80,54,18,34,22,22,87,97,91,6,62,80,40,58,39,25,9,0,41,2,4,56,8,65,69,55,74,20,30,98,41,17,52,78,81,37
92,77,29,28,38,70,61,65,87,24,77,67,69,19,16,73,61,94,60,94,15,29,96,7,65,88,60,82,54,78,44,89,25,15,53,36,51,98,1,48,80,45,21,76,46,96,15,61,44,85,84,77,8,18,12,9,18,74,16,14,7,63,65,66,73,34,83,85,66,57,68,0,28,86,75,13,81,50,78,44,78,60,13,61,50,31,58,19,21,78,31,30,84,33,51,2,87,41,49,32,32,47,44,50,10,7,77,41,16,19,43,12,64,18,7,14,99,27,95,46,13,30,47,29,0,35,74,79,22,26,51,59,18,27,42,87,72,13,1,49,11,5,7,49,90,28,71,87,3,99
40,45,60,91,70,32,32,52,26,3,95,36,31,39,70,37,89,100,55,75,58,4,61,39,52,19,7,26,2,7,74,44,59,54,51,86,83,10,3,83,4,29,53,11,43,72,45,76,67,38,11,18,49,13,60,19,13,76,95,78,67,57,21,50,9,88,71,14,50,3,95,48,32,24,59,82,0,91,9,20,86,8,88,56,68,60,21,1,75,90,82,13,1,24,92,54,40,89,59,41,40,42,80,86,90,46,71,27,72,67,59,64,0,89,86,65,1,66,45,92,13,31,83,80,12,6,59,36,82,59,93,2,100,38,45,10,13,81,12,72,12,97,18,24,48,46,46,38,58,77
81,29,53,88,32,3,39,53,32,17,65,0,30,3,25,84,71,43,69,72,33,78,15,67,93,32,11,64,31,50,8,89,93,13,74,90,7,71,28,33,77,75,93,19,86,31,35,52,81,51,77,6,7,19,10,46,100,56,12,38,88,31,45,19,93,68,95,53,23,2,3,14,51,20,80,33,80,73,54,8,72,36,17,91,3,99,18,71,4,98,16,55,29,50,54,55,80,29,24,13,89,67,83,71,73,73,0,79,33,53,84,40,75,4,53,29,45,30,51,37,76,31,3,29,52,77,69,45,72,28,53,4,55,80,18,42,73,25,98,36,58,11,77,75,23,8,46,43,37,95
58,0,85,56,25,76,30,63,45,48,90,29,74,91,82,2,54,18,6,33,86,42,82,56,63,17,67,38,17,12,23,16,79,60,49,14,2,12,10,86,45,16,86,57,92,97,37,94,26,1,54,58,80,8,79,20,66,11,32,84,15,61,56,60,91,43,46,12,56,16,60,22,8,27,85,13,40,15,17,51,53,98,90,23,64,91,70,95,57,78,75,86,45,42,28,72,5,68,43,33,79,78,88,32,12,49,4,20,8,90,56,15,96,37,31,26,37,44,36,50,73,78,84,17,81,52,1,83,83,77,24,20,77,46,68,56,94,31,6,74,45,75,52,93,57,75,57,57,13,56
58,86,70,95,8,59,56,93,72,79,18,50,4,38,69,17,57,93,44,48,25,20,68,83,33,48,26,59,47,26,19,100,56,56,69,46,86,78,74,79,7,15,46,2,74,27,45,57,79,53,29,20,28,53,7,31,61,40,78,17,88,75,95,21,16,98,98,3,72,49,37,38,42,74,87,17,56,59,98,77,54,43,36,85,32,68,67,50,12,74,29,56,96,64,95,11,20,3,4,34,66,79,33,4,3,3,59,28,88,42,88,60,100,12,33,78,80,42,92,16,43,89,93,78,17,4,44,76,61,5,45,22,74,66,51,54,91,25,99,47,56,44,46,36,84,48,92,8,80,9
69,77,2,40,61,50,78,68,68,35,12,34,97,67,88,28,93,93,81,85,8,67,78,26,6,48,100,52,20,19,23,98,29,81,86,52,14,91,71,0,18,0,74,61,97,58,76,1,73,26,64,84,9,5,59,81,84,99,96,95,62,91,38,68,73,37,48,74,87,29,71,99,7,8,69,12,50,51,37,86,92,7,24,63,29,72,36,64,83,47,28,15,53,84,54,41,71,55,45,67,76,100,80,20,100,43,60,98,69,11,31,11,35,60,14,18,19,12,37,63,47,100,50,36,65,38,61,32,97,72,13,78,98,4,34,99,3,45,62,37,83,12,19,73,62,67,11,74,22,55
5,71,20,90,10,91,60,32,93,43,93,58,84,5,33,81,71,17,58,71,43,24,89,79,56,40,56,55,74,22,85,93,44,74,4,85,84,72,37,21,32,70,27,56,99,78,13,62,89,17,85,79,84,17,45,13,8,91,58,68,85,79,21,25,90,46,86,91,53,64,89,1,66,24,15,65,26,91,62,3,33,20,62,87,42,60,74,88,48,45,10,18,8,20,94,20,95,66,50,91,100,54,98,91,94,84,40,30,57,21,37,26,51,94,39,69,5,51,64,79,81,18,40,97,22,2,13,83,45,4,97,97,25,9,25,98,93,41,57,26,34,50,32,74,35,11,81,59,82,71
8,76,25,72,30,33,95,6,14,8,100,67,40,20,4,70,40,15,72,84,78,71,88,92,34,85,98,35,51,49,64,2,35,15,6,1,20,49,21,15,78,5,6,74,21,20,33,84,76,14,71,29,27,86,64,20,20,5,24,77,40,34,23,77,52,60,38,19,79,21,54,94,34,89,18,84,24,97,45,28,26,47,77,59,1,17,56,35,49,4,75,82,10,80,44,71,74,5,51,18,74,100,49,88,26,82,88,86,61,9,45,5,66,57,5,44,56,49,3,61,82,75,11,56,10,95,91,87,90,32,6,35,42,23,18,44,66,16,17,89,58,21,73,74,5,12,36,46,11,89
5,34,4,16,30,39,87,50,24,8,87,55,42,13,39,1,58,34,81,89,22,22,55,78,24,74,47,18,37,20,8,92,96,64,51,37,87,78,15,29,2,32,39,10,25,87,86,46,42,57,98,79,55,33,92,88,90,58,40,17,48,22,83,26,90,37,90,43,52,93,27,63,78,26,46,89,87,22,6,27,13,80,85,13,23,2,93,15,27,7,2,61,28,58,2,20,27,44,83,14,75,24,27,63,28,68,69,45,12,95,95,75,11,96,41,89,42,1,82,86,33,69,68,21,83,10,45,61,63,68,83,73,76,3,2,66,54,76,3,70,26,34,59,31,72,98,16,35,26,64
11,35,73,60,38,22,76,35,3,79,99,95,67,61,67,38,12,43,83,24,11,94,65,40,77,87,38,16,40,21,38,0,78,50,77,70,19,29,6,12,74,77,36,32,15,15,16,100,15,60,22,56,74,24,12,27,85,88,53,54,90,97,42,26,59,86,73,10,83,51,43,22,87,60,85,75,2,54,29,46,42,94,94,98,36,8,56,45,75,53,54,82,7,45,8,47,92,86,0,50,18,69,34,39,9,93,53,56,24,16,39,43,35,81,65,89,7,14,86,2,24,47,0,23,12,19,7,28,15,79,34,98,41,54,13,40,60,52,98,19,81,93,10,33,97,61,20,79,62,4
82,32,54,50,80,91,88,34,14,2,4,70,77,17,97,90,77,37,31,62,77,41,96,41,58,18,54,87,65,59,78,65,97,84,10,42,90,74,98,3,92,31,84,4,39,100,85,21,5,45,55,62,55,45,99,11,66,95,92,70,45,18,70,19,60,38,43,63,36,6,80,1,64,98,42,62,74,2,93,63,61,73,65,4,53,15,98,34,52,45,96,69,15,31,90,26,75,26,83,11,21,19,24,15,71,32,45,35,24,13,32,64,61,73,22,76,70,1,49,65,97,47,50,68,72,94,23,25,88,72,63,100,89,42,84,79,73,26,98,30,77,72,65,39,27,92,45,3,90,25
30,49,80,94,9,85,76,61,4,37,95,99,73,42,59,43,35,53,3,48,90,59,71,59,99,70,41,78,51,46,18,89,85,17,73,43,87,21,84,13,4,17,38,68,87,57,25,47,56,78,53,72,26,89,11,10,67,45,17,17,100,34,87,53,61,31,63,26,65,70,51,57,86,2,74,0,35,75,2,3,8,40,93,62,12,91,29,91,47,93,30,40,49,58,53,58,84,81,27,55,82,35,84,53,32,67,51,52,49,86,100,33,41,86,5,87,22,62,93,87,57,75,70,84,61,51,54,46,90,46,59,85,7,83,56,3,91,50,75,69,31,96,27,82,0,64,82,48,2,77
82,86,4,92,3,16,34,63,52,10,59,33,41,78,51,34,10,23,31,55,57,0,66,41,0,51,7,2,55,99,99,50,58,72,33,10,71,69,14,59,33,88,25,82,3,74,65,14,27,37,28,40,40,90,71,44,34,82,77,57,19,91,41,30,65,85,21,93,1,96,73,47,68,96,100,72,93,28,73,63,68,98,21,11,40,25,58,72,37,26,29,16,1,14,4,92,24,89,53,91,73,8,37,11,92,24,72,5,99,78,71,22,50,85,13,100,62,44,29,7,87,96,51,8,60,6,89,43,16,64,36,69,75,67,95,19,80,73,49,76,5,59,64,92,83,88,85,73,29,17
11,78,98,96,32,83,71,6,96,31,72,12,70,99,48,80,13,71,73,25,49,3,22,2,64,86,3,68,53,77,40,33,3,83,40,28,44,39,40,92,12,83,30,21,44,3,76,33,8,8,96,34,96,0,26,42,48,66,71,11,26,55,66,44,92,65,36,84,48,45,7,83,22,50,73,20,43,27,48,17,63,91,40,7,47,44,32,89,22,19,15,30,63,69,69,78,13,43,60,61,56,49,28,51,72,42,89,78,85,12,10,82,32,22,37,95,53,21,23,73,95,67,58,36,43,8,24,39,84,76,39,85,1,47,93,71,86,61,8,30,24,5,59,100,84,34,39,41,44,72
8,43,29,58,79,35,95,67,44,81,11,41,0,51,66,61,3,38,48,77,84,87,51,21,77,4,88,91,14,34,41,39,30,24,29,42,49,93,39,49,99,58,52,16,18,68,67,33,13,21,89,33,95,21,17,82,20,62,40,98,78,73,72,95,50,5,31,15,65,83,19,10,62,20,29,51,83,82,73,16,34,13,31,48,100,24,85,3,36,56,94,79,3,25,85,87,73,93,66,2,81,21,98,72,8,48,26,85,5,83,70,15,8,64,91,68,70,67,18,27,17,82,73,100,100,85,66,2,51,26,98,27,11,35,88,48,63,41,8,25,93,11,99,83,99,60,60,55,27,32
77,42,73,60,14,15,59,60,49,7,40,50,86,7,59,67,80,35,5,20,28,88,65,98,42,11,9,47,82,58,49,76,100,48,1,49,58,38,27,82,59,61,55,44,77,96,89,81,29,64,54,66,22,39,21,21,56,16,9,8,36,45,50,31,14,97,5,86,25,52,58,97,1,90,1,92,45,25,65,26,26,90,52,8,43,67,30,6,52,47,54,14,35,94,13,48,43,59,46,76,38,31,47,31,29,58,42,67,36,11,47,96,24,62,20,53,83,44,54,72,10,37,58,87,28,88,60,31,0,5,75,9,90,75,98,72,19,78,45,91,39,2,3,76,98,52,99,24,22,30
10,35,30,98,86,3,27,10,80,81,79,67,3,19,31,76,24,39,65,16,24,34,69,32,100,67,13,25,70,81,52,72,11,42,19,78,58,67,53,17,41,96,64,87,44,33,27,36,23,58,14,48,98,100,12,21,11,81,77,71,65,14,65,75,37,20,46,18,30,98,87,67,40,15,90,42,59,35,24,34,2,88,90,69,83,96,12,51,98,57,37,59,30,81,38,60,49,50,60,28,87,91,78,61,41,79,11,64,53,47,59,78,20,90,21,12,48,34,14,14,38,16,69,51,46,79,36,7,77,87,44,53,89,49,47,30,100,63,92,92,51,80,93,3,47,66,46,37,62,49
46,67,99,23,65,47,65,45,5,98,32,64,76,76,13,19,62,52,87,58,70,56,20,95,46,51,79,84,37,93,8,90,92,63,22,81,71,100,16,19,8,70,62,85,80,1,28,86,69,16,52,67,80,28,22,9,22,60,46,14,59,53,52,42,51,74,8,16,49,81,3,19,63,80,14,54,2,87,17,91,30,60,70,17,45,0,75,67,11,42,52,20,10,87,26,96,36,14,66,16,87,30,73,36,2,26,45,71,97,52,52,14,54,92,55,21,27,60,56,25,88,43,20,80,72,40,100,17,18,72,43,35,17,12,64,82,86,81,19,47,38,15,66,81,87,20,31,46,66,59
91,21,85,47,16,25,84,28,12,92,50,93,97,66,56,83,76,17,61,61,71,7,51,60,83,64,62,71,4,28,61,57,50,96,89,28,58,31,52,28,96,81,30,10,95,1,64,78,64,20,15,54,30,1,50,29,39,72,54,13,62,30,37,68,52,35,62,64,70,81,45,73,26,50,70,88,87,17,84,72,34,90,36,37,94,6,88,69,22,29,84,78,59,39,9,69,87,64,32,0,79,29,99,86,85,14,65,89,34,0,5,17,79,72,82,73,38,55,7,72,6,39,37,63,32,0,87,90,78,8,30,31,46,0,52,86,67,79,11,81,49,22,10,48,53,73,70,98,56,62
75,22,38,95,33,72,100,41,11,24,8,100,14,78,15,0,80,56,2,83,62,0,55,53,47,35,25,35,84,90,74,11,17,19,0,7,74,50,3,57,20,62,8,90,42,48,99,79,37,77,37,83,98,19,0,58,39,27,99,92,26,3,57,100,43,65,90,67,46,76,56,0,85,15,11,91,57,69,45,92,84,6,7,69,11,46,29,1,19,14,22,79,53,79,26,50,95,17,36,9,52,10,47,18,23,46,51,21,86,67,60,28,57,26,50,24,100,26,81,33,12,4,74,24,92,99,85,56,5,96,43,19,50,92,51,3,22,70,68,18,0,83,99,28,44,68,21,79,83,18
92,68,2,3,54,59,28,50,26,32,60,87,47,71,11,12,10,84,87,23,1,82,12,16,28,88,100,87,7,66,41,94,80,80,45,95,34,95,18,32,3,12,63,58,44,0,80,56,2,2,87,37,42,13,8,70,99,72,95,63,58,98,24,73,72,81,83,87,74,100,87,63,5,96,13,71,90,22,98,91,77,27,97,9,22,40,98,4,81,14,66,80,65,1,38,46,36,95,65,92,95,80,60,3,47,6,14,8,73,98,93,72,48,41,72,89,95,1,92,95,87,90,57,80,40,43,3,3,63,17,9,23,64,100,37,85,65,85,91,93,55,92,92,71,82,49,59,46,55,75
61,61,27,58,89,5,70,18,69,85,10,67,34,12,8,48,71,30,24,7,3,79,32,60,94,17,58,28,96,31,91,27,1,53,74,31,32,85,26,87,26,54,78,20,42,43,90,84,42,33,68,52,77,50,57,52,98,88,22,24,56,91,61,30,66,51,44,78,80,53,46,97,95,80,29,93,35,50,38,34,34,87,67,21,100,81,32,17,85,40,59,52,51,35,2,2,35,64,3,34,30,10,95,47,4,30,11,55,44,48,79,52,55,2,14,87,65,67,73,43,38,68,77,96,83,27,81,53,33,47,29,66,17,66,27,68,49,33,52,60,87,77,35,4,15,49,85,3,91,89
88,19,13,77,66,64,0,50,38,84,69,25,96,47,9,79,2,52,43,75,91,19,31,67,38,28,52,82,80,83,42,30,28,83,18,89,85,95,79,72,77,43,37,13,73,81,12,76,82,26,48,57,61,67,70,30,18,95,58,44,23,61,32,28,9,51,94,27,73,65,38,48,14,27,31,54,83,37,79,78,29,21,54,82,52,65,99,59,53,69,86,66,8,0,98,16,46,55,19,76,95,5,37,6,46,80,88,80,15,15,99,84,13,2,16,11,61,44,48,83,82,16,12,50,79,63,68,62,57,6,61,74,40,5,82,78,84,34,12,49,42,67,39,17,33,82,40,7,24,47
30,53,31,97,75,87,77,7,20,71,51,77,42,65,34,20,100,48,96,18,14,55,46,86,75,9,19,77,11,64,32,1,47,73,1,58,79,38,39,2,10,14,97,71,43,17,60,75,24,67,31,16,84,73,4,62,57,100,93,39,74,45,43,31,7,10,13,56,30,82,27,32,44,14,65,44,13,80,95,21,14,36,65,49,70,68,63,70,32,21,61,81,84,61,37,14,42,72,16,33,6,85,72,48,4,16,30,96,18,83,81,37,28,65,8,74,78,20,93,68,34,33,8,92,100,95,80,59,73,56,50,26,13,40,82,87,69,47,57,18,35,57,59,100,9,74,73,18,85,26
43,98,24,85,50,8,20,71,0,36,58,74,0,75,40,75,6,50,5,24,82,8,57,39,9,67,44,88,89,76,80,25,49,12,80,50,17,31,45,47,71,51,62,40,71,9,78,0,95,43,74,35,18,97,89,65,19,83,47,56,61,58,69,16,97,49,87,54,31,91,73,53,84,100,14,96,51,51,43,73,99,21,57,71,98,60,51,100,47,43,77,52,68,67,67,14,83,99,95,30,18,55,44,63,1,37,49,58,94,27,99,50,30,84,0,34,50,82,21,96,16,60,42,87,91,83,51,34,100,94,75,6,18,7,42,77,68,57,37,29,41,97,2,63,93,11,72,65,56,36
59,78,33,83,76,63,88,59,23,63,37,52,2,47,49,69,79,75,6,52,85,2,93,81,29,86,44,10,86,97,99,29,70,17,85,73,14,62,46,70,86,78,51,13,77,98,0,47,65,31,12,40,44,93,10,79,24,8,40,45,38,41,5,29,28,98,83,64,60,36,87,52,69,69,78,33,90,82,9,57,40,99,60,23,96,11,87,93,90,81,1,61,73,35,64,41,24,65,7,99,78,85,46,76,60,42,82,79,37,5,2,3,0,98,46,60,19,36,33,75,97,51,31,60,68,8,67,26,16,62,33,61,68,31,51,15,59,5,49,56,37,66,80,83,55,12,96,75,21,35
49,65,32,88,0,39,95,15,95,71,22,7,90,34,51,94,88,80,24,13,48,27,1,28,15,38,28,23,70,33,67,61,6,9,39,55,18,38,4,2,87,77,28,6,44,39,14,11,33,37,99,2,72,80,77,7,59,73,13,74,42,2,46,56,99,76,32,37,18,82,53,38,89,24,67,36,46,56,6,6,21,36,11,0,82,72,69,100,6,57,63,76,24,72,83,76,47,61,83,4,46,60,61,31,46,10,9,77,10,87,40,91,49,41,31,48,77,30,42,66,41,90,41,31,94,15,7,80,7,26,88,70,98,92,12,68,96,53,84,21,37,5,5,3,100,82,29,89,25,51
74,62,66,35,85,58,12,7,72,96,51,96,90,19,24,6,25,73,90,77,20,9,91,55,74,18,63,17,32,24,30,56,67,37,26,18,87,30,64,57,78,88,39,83,72,71,60,6,42,4,72,6,18,53,33,60,63,47,28,73,52,73,66,79,27,50,18,10,9,38,16,92,18,58,93,49,4,86,29,15,53,93,99,61,62,7,79,44,41,80,92,89,44,52,31,81,29,66,38,20,17,18,3,3,65,87,22,3,84,82,59,29,52,14,6,92,65,44,83,16,98,31,49,86,46,96,3,48,6,17,99,57,60,20,97,58,39,35,12,90,78,8,26,12,44,70,60,57,26,94
79,7,72,10,44,44,85,84,45,67,17,75,89,80,83,97,82,42,40,2,78,10,55,90,62,99,53,97,1,15,58,43,13,7,82,4,80,35,28,9,26,18,23,87,29,82,51,71,80,2,61,22,39,49,9,31,47,47,11,69,100,6,85,83,27,31,49,95,49,7,98,25,2,83,10,97,59,2,52,57,81,79,41,98,77,4,81,89,65,73,12,29,3,73,91,61,29,18,19,16,4,42,20,100,20,82,12,13,46,88,19,95,69,70,1,34,14,98,49,73,2,75,87,68,75,48,72,42,97,24,45,25,1,25,46,88,83,33,41,97,50,30,71,58,84,27,54,97,26,9
38,11,46,77,43,100,69,69,53,91,0,83,97,29,42,63,40,17,29,53,72,29,74,42,24,3,2,44,45,8,56,11,41,19,79,59,95,76,54,66,58,31,24,30,99,31,31,7,26,75,71,99,44,19,39,10,67,34,27,38,71,63,24,24,23,97,49,27,65,29,89,13,83,45,32,41,63,68,34,90,54,5,97,12,92,22,57,2,44,55,41,27,8,75,14,59,49,33,88,12,9,28,37,67,35,29,13,2,26,60,47,56,16,42,78,72,51,76,42,86,30,43,40,11,66,66,9,30,11,31,50,4,36,19,20,54,26,70,96,70,44,6,85,77,34,60,10,89,84,38
53,22,97,19,55,59,62,70,9,31,3,100,60,28,57,33,50,81,5,38,15,26,24,86,65,82,44,8,60,35,85,8,24,18,30,20,1,9,33,67,35,14,0,56,36,11,21,91,98,43,22,36,95,24,48,69,93,92,92,66,70,16,70,64,20,73,2,42,60,71,23,9,80,83,23,82,63,75,69,25,81,100,29,38,32,25,8,55,93,31,86,12,11,34,47,29,56,91,27,81,96,77,56,94,96,70,20,57,39,42,77,30,33,42,3,21,100,66,58,30,77,59,57,88,49,100,60,88,58,52,34,48,38,74,33,44,56,60,97,21,71,2,13,14,23,10,51,32,1,17
17,97,60,27,39,31,47,53,3,25,3,54,79,59,2,33,74,6,77,84,70,30,3,87,25,74,19,35,20,7,15,7,23,16,63,1,81,99,4,44,90,54,70,30,16,85,38,41,51,33,35,18,74,39,50,37,21,33,8,63,76,55,97,79,24,61,63,15,12,4,62,95,99,20,38,4,88,12,50,22,58,89,84,34,67,50,5,97,78,7,11,52,7,29,70,11,73,99,28,18,8,64,69,50,71,96,80,4,19,76,97,85,6,72,78,49,10,6,32,59,18,36,18,87,62,55,98,86,12,18,30,6,59,51,12,28,56,1,25,48,67,20,89,50,59,32,60,25,22,26
89,74,58,53,0,76,1,0,10,77,11,61,56,57,79,56,95,12,22,68,65,47,11,11,19,80,14,88,36,18,2,100,27,49,36,13,98,31,57,9,20,59,54,18,70,47,42,69,8,58,18,79,79,13,78,10,19,74,5,34,12,77,54,18,72,43,9,10,100,68,5,68,7,78,23,6,8,61,79,39,60,89,71,36,50,53,18,29,44,34,16,62,85,5,92,47,24,58,43,18,26,81,18,78,46,73,88,90,99,60,3,75,35,10,54,97,21,61,88,48,5,0,93,86,11,92,59,95,56,21,65,1,87,25,0,44,22,71,14,87,84,65,18,43,61,86,80,68,83,96
9,63,19,69,59,68,7,79,42,26,32,42,70,40,51,89,38,85,47,94,30,81,82,34,64,68,73,89,6,65,68,33,33,60,3,73,92,26,79,92,12,70,17,89,70,14,76,65,78,21,70,75,100,49,86,26,27,77,90,47,17,27,16,71,55,38,26,49,84,98,91,70,97,65,83,51,42,33,95,81,31,88,62,64,78,6,35,94,20,10,52,75,100,29,40,36,96,69,65,12,53,61,42,34,24,98,99,4,58,26,57,70,73,67,9,32,99,90,13,79,58,69,85,24,18,26,12,7,35,13,81,50,8,12,17,49,7,26,87,66,35,31,2,9,45,11,93,80,46,73
10,28,36,54,93,61,77,55,96,52,67,46,3,61,50,17,65,86,58,53,21,94,29,37,87,14,91,74,14,74,38,68,73,22,41,27,37,75,81,87,26,88,53,44,55,25,58,19,62,49,16,53,74,68,74,44,55,2,37,12,90,41,74,8,94,4,54,63,84,27,61,30,13,89,72,13,69,39,76,56,19,48,22,44,40,28,50,13,13,82,56,55,74,43,12,22,59,49,43,38,0,92,95,19,59,54,57,47,63,7,52,32,21,38,31,6,69,83,89,4,99,10,44,73,57,58,35,61,24,24,48,33,90,23,40,65,52,86,1,98,77,77,58,47,26,56,80,33,63,78
88,54,79,91,70,56,29,73,16,13,36,1,80,54,38,91,59,89,68,33,36,77,32,5,73,34,11,95,51,74,46,60,49,23,56,18,47,94,87,2,67,47,44,99,5,40,54,30,94,61,46,49,38,66,19,8,94,8,57,98,41,84,1,57,53,24,89,36,15,35,27,46,89,24,44,71,62,60,74,7,21,50,99,10,97,93,66,38,83,9,87,86,28,74,60,68,87,34,29,78,71,100,40,55,31,73,48,74,1,68,100,97,10,71,40,64,16,43,68,63,52,11,31,52,81,15,21,3,59,24,43,81,38,96,85,54,69,71,1,13,77,7,72,57,23,95,76,81,28,63
2,16,63,83,65,1,48,36,10,0,26,47,86,16,85,3,55,90,79,64,9,73,22,49,56,2,12,39,71,35,19,10,72,61,42,16,79,65,39,80,77,65,82,77,31,62,19,50,60,80,6,92,37,51,75,39,42,76,11,6,34,61,80,92,2,71,77,84,40,54,75,35,95,71,99,38,85,85,38,75,45,70,71,15,37,85,42,67,45,41,44,33,37,60,81,24,47,45,79,50,4,27,48,7,76,78,10,23,11,100,63,33,82,59,87,91,68,98,45,51,61,36,28,78,98,47,97,89,36,55,6,4,89,78,51,1,0,41,73,18,93,12,87,27,6,28,44,54,3,77
4,97,10,51,72,39,77,88,83,78,28,81,12,74,39,71,4,39,30,1,35,44,30,32,48,72,40,30,13,64,93,87,26,85,83,16,20,51,56,68,28,15,63,44,71,63,49,40,86,99,95,67,81,34,55,4,68,85,85,29,30,73,60,52,72,80,61,78,98,25,46,2,61,70,1,22,60,15,1,76,85,61,5,17,43,26,88,79,23,100,65,72,3,71,17,75,18,35,41,90,88,58,21,18,21,40,21,4,95,52,40,75,64,66,53,55,91,26,52,35,7,50,30,16,10,57,36,64,43,91,41,93,43,80,69,68,52,95,47,65,26,79,65,98,41,69,99,85,26,90
75,77,70,86,58,37,76,94,37,85,62,1,77,93,63,100,97,72,67,7,16,56,98,32,12,37,50,69,41,62,90,40,87,68,42,2,60,87,59,99,85,71,37,70,72,11,40,67,0,67,93,8,47,20,86,47,92,61,93,37,90,42,70,36,5,90,89,22,47,90,56,94,60,27,100,23,35,38,2,52,95,68,70,88,28,7,62,9,42,30,87,92,91,50,47,30,69,16,27,0,97,83,12,25,34,40,95,93,40,47,69,77,22,5,51,48,84,54,88,69,66,9,50,19,62,35,67,43,13,12,63,20,82,84,96,64,82,83,27,99,1,65,95,72,61,92,64,39,6,34
49,43,68,10,26,54,12,75,38,30,13,90,70,68,14,70,33,30,80,5,82,43,12,3,28,75,91,25,32,69,27,94,93,85,98,23,17,44,50,1,4,41,55,63,38,29,31,97,78,67,65,64,89,22,22,87,97,34,52,25,8,74,45,47,43,27,7,10,54,41,36,87,44,50,31,72,26,64,51,79,72,99,7,90,50,98,75,64,74,49,86,31,4,65,27,19,63,98,12,2,63,53,98,58,15,9,79,25,96,62,1,12,52,84,95,47,24,81,38,98,85,97,25,99,98,96,93,19,61,34,14,100,47,61,30,11,39,22,82,57,33,11,64,18,90,21,13,95,8,52
49,75,62,22,63,64,14,93,56,71,71,81,76,69,5,33,24,72,58,46,84,16,83,64,17,77,3,32,44,91,32,83,82,54,14,22,38,7,76,72,29,63,73,2,5,9,79,10,82,86,49,1,31,30,15,12,93,33,81,72,70,31,54,69,79,18,16,27,3,16,91,89,49,14,54,49,72,26,97,79,30,15,40,75,17,32,35,94,29,18,81,36,43,72,98,12,64,51,77,80,93,24,37,5,74,9,9,3,77,54,14,97,89,91,49,34,82,43,54,60,8,75,17,56,41,46,6,59,74,87,68,29,8,43,65,9,34,91,41,31,51,51,57,22,91,13,31,83,80,34
58,54,63,71,11,27,10,47,20,68,49,2,83,91,44,44,82,21,95,98,42,75,2,22,96,17,95,7,64,17,57,23,18,44,36,88,28,43,44,61,64,71,32,16,51,16,11,92,65,90,48,22,84,74,55,33,83,2,94,25,41,46,18,63,19,45,68,75,14,75,41,52,51,89,3,45,53,53,97,40,4,9,53,74,31,90,23,83,30,24,9,75,81,84,60,21,1,44,49,22,97,85,88,11,34,14,65,0,0,12,15,48,94,46,63,96,97,18,35,64,62,6,72,33,37,67,34,92,77,27,69,63,49,50,43,41,66,85,47,95,43,0,17,65,6,52,87,91,73,40
11,13,61,58,65,16,12,0,56,67,15,75,26,24,50,51,0,18,14,52,59,20,36,47,55,75,64,55,71,29,43,70,32,75,36,31,69,52,87,53,74,47,57,1,73,33,89,37,56,51,73,27,91,87,0,76,40,78,68,38,43,23,72,44,66,82,97,38,14,70,91,45,49,65,54,60,42,1,61,48,21,86,81,81,91,81,61,89,75,54,80,32,100,68,27,53,97,58,22,50,3,50,90,61,94,60,62,14,93,6,50,52,99,25,2,84,55,93,22,70,33,87,61,93,61,69,12,96,58,21,21,51,60,29,40,84,63,46,74,2,78,41,24,48,93,22,18,20,93,49
40,81,67,50,11,69,29,31,10,75,71,2,89,72,77,0,79,57,73,58,73,35,91,80,39,20,56,9,65,81,50,49,45,80,100,8,65,19,88,73,55,65,72,0,46,58,98,51,92,93,98,61,24,24,91,53,0,43,54,20,48,67,86,88,18,91,33,90,49,66,44,6,10,17,3,87,40,58,65,27,100,39,35,13,94,56,35,73,38,15,45,49,90,28,52,59,78,29,96,96,82,29,19,88,39,35,96,53,67,46,15,98,14,26,22,80,17,42,77,22,86,17,47,57,67,83,13,66,18,49,52,35,18,59,25,56,34,87,82,11,44,75,54,46,86,75,17,68,48,44
33,41,55,20,8,78,29,54,15,26,42,71,23,64,4,82,2,32,26,34,11,48,94,78,24,24,97,31,38,68,47,80,51,60,96,64,54,22,38,22,86,42,86,22,81,28,68,6,100,37,39,64,68,100,62,39,79,25,81,20,19,83,39,80,54,59,60,95,52,8,14,25,17,11,7,39,96,65,36,45,19,17,44,100,95,62,54,52,54,95,50,61,26,53,70,37,95,53,25,11,74,85,4,3,45,31,86,55,99,16,65,56,61,0,34,100,92,53,47,60,24,37,7,39,87,52,48,45,3,70,15,77,27,64,55,12,68,51,6,78,57,60,12,67,74,29,8,4,96,64
71,18,73,8,62,92,74,29,35,53,80,65,35,7,90,89,84,10,57,49,63,57,7,86,59,8,79,2,91,32,59,50,31,99,24,64,33,77,21,96,21,73,50,49,94,27,86,55,80,25,30,14,39,19,21,11,48,70,62,10,4,85,78,42,30,75,68,28,45,91,63,25,55,72,32,28,78,25,43,2,76,75,21,8,41,30,42,55,76,100,92,49,59,11,55,35,55,20,21,51,69,10,26,96,41,78,0,52,12,86,23,62,43,48,29,27,37,20,34,82,67,46,74,49,94,71,93,54,38,28,37,9,44,92,38,5,67,75,67,51,56,71,73,70,100,37,91,26,19,71
3,50,4,88,26,41,55,18,43,89,95,44,37,93,71,27,45,71,66,6,24,84,30,11,59,40,32,92,70,16,14,100,64,21,85,33,48,97,13,88,58,45,39,20,24,15,71,48,24,41,40,18,34,77,78,0,65,60,41,17,66,16,9,36,71,92,73,64,19,42,30,60,96,9,2,21,70,49,15,6,25,15,64,72,84,13,22,100,78,25,98,83,78,76,3,58,58,48,36,63,46,87,71,18,71,71,40,15,83,46,12,49,78,83,11,28,38,15,91,35,72,61,75,11,55,82,55,80,59,50,71,29,100,95,12,62,33,66,54,84,40,88,4,90,24,36,39,65,91,3
